cpf;nome;Partido
27;ANTONIO CARLOS DE OLIVEIRA;PSB
28;ABNER JOAS TOFANELLI;PDT
29;PAULO SERGIO ABOU ANNI;UNIÃO
30;ABRAHAM BRAGANÇA DE VASCONCELLOS WEINTRAUB;PMB
31;ADALBERTO FELICIO MALUF FILHO;PV
32;ADAMARIO MAXIMO DOS SANTOS FILHO;NOVO
33;ADAUTO BENTIVEGNA FILHO;AVANTE
34;ADELAIDE CASTRO DE OLIVEIRA;PODE
35;ADELSON DE SOUZA PENHA;AGIR
36;ADEMILSON DA CONCEIÇÃO CUNHA;REPUBLICANOS
37;ADEMIR DA PENHA CLEMENTE;PRTB
38;ADEMIR RODRIGUES PEREIRA;AVANTE
39;ADÉRITO CÁSSIO DE ASSIS DUTRA;PSOL
40;ADEVAR CAMPANA;PATRIOTA
41;ADILSON BARROSO OLIVEIRA;PL
42;ADILSON DE BRITO FARIAS;NOVO
43;ADONIAS FERREIRA DOS SANTOS;PRTB
44;ADRIANA RAMOS AFONSO EL RIFAI;PTB
45;ADRIANA ALVES DA SILVA RAMALHO;PSD
46;ADRIANA PIERIN;AVANTE
47;ADRIANA MIGUEL VENTURA;NOVO
48;ADRIANA GLEDYS ZINK;PSDB
49;ADRIANO GUIMARÃES SIMÕES;PP
50;ADRIANO CESAR DA SILVEIRA ZAMBELLI;PDT
51;ADRILLES REIS JORGE;PTB
52;ROSINETE DA SILVA MOREIRA;PTB
53;AGNALDO APARECIDO DE ARAUJO;AVANTE
54;AGNALDO CRUZ DE OLIVEIRA;PSD
55;AGNALDO JOSÉ DOS SANTOS;PMB
56;AGOSTINHO FERREIRA GOMES;PSOL
57;AILTON ALCANTARA DOS SANTOS;DC
58;AILTON BISPO DOS ANJOS;PSC
59;UBIRATAN ALAN DE CARVALHO;SOLIDARIEDADE
60;RAFAEL ALBANEZ;PTB
61;ALBERTINO FERREIRA DE OLIVEIRA;PSOL
62;ALBERTO PEREIRA MOURÃO;MDB
63;ALCIDES FERNANDES BARBOSA;MDB
64;ALENCAR SANTANA BRAGA;PT
65;ALESSANDRA ESQUIVEL PRANDI;MDB
66;ALESSANDRA RUDOLPHO STRINGHETA BARBOSA;PATRIOTA
67;ALESSANDRA SOUZA VALIM;PTB
68;ALESSANDRA REGINA VERGILIO;NOVO
69;ALESSANDRO SONEGO DE ALMEIDA;PODE
70;ALESSANDRO AZEVEDO DOS SANTOS;AVANTE
71;ALESSANDRO RUIZ MARTINEZ;PSD
72;ALEX MACEDO DE SOUZA;UNIÃO
73;ALEX SPINELLI MANENTE;CIDADANIA
74;ALEX DOS REIS;UNIÃO
75;ALEXANDRE MARTINS RICCI;PRTB
76;ALEXANDRE LEITE DA SILVA;UNIÃO
77;ALEXANDRE ROCHA SANTOS PADILHA;PT
78;ALEXANDRE MENDES PINHEIRO;NOVO
79;ALEXANDRE LUÍS NOBRE TERRERI;REDE
80;ALEXIS JOSEPH STEVERLYNCK FONTEYNE;NOVO
81;ALEXANDRE DONIZETE TEODORO;PSC
82;ALEXSANDRA RIBEIRO RODRIGUES DA SILVA;PSB
83;ALICE RIBEIRO CORDEIRO DE BARROS;PSOL
84;ALINE CRISTINA DE SOUZA UBIDA;SOLIDARIEDADE
85;ALLAN ARONI;PRTB
86;ALLAN SERGIO NASCIMENTO;AGIR
87;ALTAIR CAMPANA;PTB
88;ANTONIO EDUARDO ALTAVISTA;DC
89;ALUISIO LUNDGREN CORREA REGIS;PROS
90;ALVARO EXPEDITO JERONYMO;PSOL
91;AMANDA SANTOS DA SILVA;PATRIOTA
92;MARCIO ALVARES DE SOUZA;PSC
93;ANA FLÁVIA DE FARIAS ZENAIDE;AVANTE
94;ANA PAULA TAVARES DE OLIVEIRA GOFFI;MDB
95;ANA CLÁUDIA FERREIRA DE PAIVA;PDT
96;ANDERSON GOMES DE CAMPOS;PRTB
97;ANDERSON LUIZ BIANCHINI;PROS
98;ANDERSON GONDIM SAMPAIO;PTB
99;ANDERSON SEVERIANO GOMES;REDE
100;CARLOS ANDRÉ FURTADO;AVANTE
101;ANDRE EDUARDO RIBEIRO;PATRIOTA
102;ANDRÉ LUIS DE MORAES;PDT
103;ANDRE LUIS RAMOS PEDROSO;PTB
104;ANDRE HENRIQUE BUENO DE OLIVEIRA;PATRIOTA
105;ANDRÉA DE OLIVEIRA MORAES;NOVO
106;ANDRÉA CRISTINA PRADELLA;PROS
107;ANDRÉA REIS DUARTE;AVANTE
108;ANDRÉIA ALVES DO AMARAL;REPUBLICANOS
109;ANDREIA APARECIDA GOMES DE SOUSA FERNANDES;SOLIDARIEDADE
110;ANDRÉIA ROSA DA SILVA TOFOLO;SOLIDARIEDADE
111;ANDREIA VAZ TOSTES IRENTE;MDB
112;ANE CAROLINE SOLLAR PEREIRA;PSB
113;ANETE MARIA PIZZIMENTI;PRTB
114;ANGELA BARBOSA DOS SANTOS;SOLIDARIEDADE
115;ANGELA ISABEL RODRIGUES;PRTB
116;FLAVIANE MENESES AQUINO;PTB
117;ANTONIO CARLOS RODRIGUES;PL
118;ANTONIO MARCOS DA SILVA POLYCENO;AVANTE
119;ANTONIO CARLOS DA MOTTA;NOVO
120;ANTONIO FERNANDES DOS SANTOS NETO;PDT
121;ANTÔNIO OCILIO VASCONCELOS DA SILVA;PSOL
122;JONATHAN CRISTIANO RODRIGUES DA SILVA SALES;PSDB
123;APARECIDO RUBENS DE ANDRADE;PROS
124;MARCIO AUGUSTO DE MEDEIROS;PTB
125;ARIADNA THALIA DA SILVA ARANTES;PSB
126;GRACIANO ARILSON DOS SANTOS;PSC
127;ISABEL ALINE ROSA;PMB
128;ARLINDO CHIGNALIA JUNIOR;PT
129;ARMANDO FERREIRO RODRIGUES;MDB
130;ARMANDO INFANTI JUNIOR;PATRIOTA
131;ARNALDO CALIL PEREIRA JARDIM;CIDADANIA
132;ARNALDO SALVETTI PALACIO JUNIOR;MDB
133;FRANCISCO DE ASSIS CARVALHO ARTEN;MDB
134;ARTHUR MARIO PINHEIRO MACHADO;REPUBLICANOS
135;ARTHUR BRAGANCA DE VASCONCELLOS WEINTRAUB;PMB
136;ARTUR ROGÉRIO GUIMARÃES;PMN
137;POLLYANNA DO VALLE ATAGIBA;PT
138;MARIA AUGUSTA FERREIRA FONSECA;UNIÃO
139;JOSÉ AUGUSTO BARBOSA DA SILVA;PMN
140;AUGUSTO DE ARRUDA BOTELHO NETO;PSB
141;JOSÉ AUGUSTINHO DOS SANTOS;AGIR
142;AURELIA CINAQUI AMARAL;PSC
143;AYRTON JOSÉ RODRIGUES;DC
144;ELIZARDE DA SILVA SOUSA;PP
145;LUIZ FELIPE BALEIA TENUTO ROSSI;MDB
146;BARBARA HUYARA DE OLIVEIRA VICTORIANO KOGOS;REPUBLICANOS
147;BEATRIZ BARBIERE OLIVEIRA;PCB
148;BEATRIZ CAROLINA REIS;PRTB
149;REGINALDO BELARMINO DA SILVA;PRTB
150;BENEDITO APARECIDO DA SILVA;REPUBLICANOS
151;BERNARDO LERER;PT
152;MASSAEL BESSA DA SILVA;PP
153;ROBERTO NOVAES REIS;PSB
154;MARIA ISABEL LOPES DA CUNHA SOARES;REDE
155;BIANCA COLEPICOLO;PP
156;BIANCA MARIA DELLA SANTA PIMENTA;PROS
157;LUIS CLAUDIO BILI LINS DA SILVA;SOLIDARIEDADE
158;SEVERINO DE OLIVEIRA MELO;AGIR
159;MANOEL DOS SANTOS SILVA IRMAO;AGIR
160;UBIRATAN FIM MENDES;AVANTE
161;MARIA CELESTE JUSTA;PTB
162;ANDRÉ ALMEIDA MILIAN;AGIR
163;ROSILAINE APARECIDA DOS SANTOS BRANDÃO;PL
164;WILSON CAPUTO SANT'ANNA;DC
165;JHONATAN ARAUJO PANHAGUA;PP
166;ROBERVAL BARBOSA DE JESUS;AGIR
167;BRUNA KARINI DA SILVA;NOVO
168;BRUNO AREVALO GANEM;PODE
169;BRUNO MADEIRA DE CARVALHO;PTB
170;BRUNO MARINHO BARCELLOS;PRTB
171;BRUNO SCAFFIDI;PSD
172;ANDERSON CAVANHA;PL
173;RAFAEL BRUXELLAS PARRA;PT
174;MARCELO FRANCISCO DE LACERDA;PMN
175;JOSE ROBERTO BARBOSA DE SOUZA;UNIÃO
176;FRANCISCO ALVES DA SILVA;AVANTE
177;FAUSTO ALVES RAMALHO;REPUBLICANOS
178;GILBERTO MACHADO DE OLIVEIRA MARQUES;AVANTE
179;VANESSA CRISTINA DE ROSSI;PSB
180;SAMUEL VITOR PEREIRA BERNARDI;PP
181;ADOLFO TIMOTIO;REDE
182;MARCIO ANTONIO DE OLIVEIRA;PROS
183;CAIO BIANCHI BECHARA;NOVO
184;CAIO AUGUSTO SILVA DOS SANTOS;UNIÃO
185;CAIO LYSIAS SPINA;PMN
186;LUIZ CLAUDIO NOGAROTO AMARAL;PODE
187;JOSE CAMILO GAVA NETO;PTB
188;EDUARDO CAMILO TERRA DOS SANTOS;PCB
189;ELIANE CRISTINA CAMARGO;AVANTE
190;JULIANA PINTO GONÇALVES;PTB
191;JOSÉ AUGUSTO ROSA;PL
192;GUILHERME MURARO DERRITE;PL
193;ELIAS BONFIM AGUIAR DE SOUZA;REPUBLICANOS
194;DANILO ANDRÉ MOSER;PRTB
195;ANDRÉ DA SILVA ROSA;AVANTE
196;CARLOS ALBERTO DE SOUZA;PL
197;CARINA BALBINO CARNEIRO;PP
198;CARLA CRISTINA MASSARO FLORES;MDB
199;CARLA GUIDINI SANTAGUITA NEGRINI;PSDB
200;CARLA ZAMBELLI SALGADO DE OLIVEIRA;PL
201;CARLOS ANTONIO FERREIRA DOS SANTOS;PATRIOTA
202;JOSE CARLOS FERREIRA BARBOSA;PTB
203;CARLOS ALBERTO CANTELLI;AGIR
204;JOSÉ CARLOS DO NASCIMENTO REIS;DC
205;CARLO CAUTI;NOVO
206;CARLOS ALBERTO ADÃO;AVANTE
207;CARLOS AUGUSTO LESSA;DC
208;CARLOS HENRIQUE DARDE;AGIR
209;CARLOS PIRES DE LIMA;PSB
210;CARLOS ROBERTO DE ALMEIDA;AGIR
211;CARLOS HENRIQUE FOCESI SAMPAIO;PSDB
212;CARLOS EDUARDO MARCHESI TROMBINI;REPUBLICANOS
213;CARLOS ALBERTO ROLIM ZARATTINI;PT
214;CAROLINE DO AMPARO CERQUEIRA;UNIÃO
215;CASSIO ELMO GONÇALVES GALLO;PATRIOTA
216;EDVALDO DE OLIVEIRA PAULA;PATRIOTA
217;SAMUEL PAES;PP
218;EDIVAM CAMPOS DE ALBUQUERQUE;UNIÃO
219;CELI REGINA DA CRUZ;PT
220;MARIA CÉLIA DE JESUS OLIVEIRA;DC
221;CÉLIA RAMOS DE JESUS FEITOSA;PSD
222;CELSO HENRIQUE DE OLIVEIRA;NOVO
223;CELSO LUIZ PEREIRA;PMB
224;CELSO UBIRAJARA RUSSOMANNO;REPUBLICANOS
225;CESAR RICARDO DOS SANTOS FERREIRA;PSDB
226;CESAR MAX DE LIMA VIEIRA;NOVO
227;CESAR RENATO DA SILVA;DC
228;ANTONIO CEZAR CORREIA FREIRE;PSD
229;GLALSON CHAMON DA SILVA;PSC
230;CARLOS ALBERTO VEIGA DE QUADROS;PSC
231;EDUARDO DE VASCONCELLOS CORREIA ANNUNCIATO;SOLIDARIEDADE
232;FRANCISCO DE ASSIS DA SILVA;PTB
233;FRANCISCO JOSÉ NOGUEIRA DA SILVA;PT
234;FRANCISCO PEREIRA DE SOUSA FILHO;PSB
235;ALESSANDRO TADEU DAMIN;PODE
236;WALLACE COSTA LANDIM;PSD
237;PAMELA CHRISTY MESQUITA MUNIZ;PCB
238;CHUKS ILOEGBUNAM;PSDB
239;CIBELE FRAGOSO BOTELHO;PSB
240;CIBELE FRANCO NAZARETH;NOVO
241;CICERO DE AQUINO;REPUBLICANOS
242;CICERO SANTANA DA SILVA;AGIR
243;CICERO ANTONIO DA SILVA;PSB
244;MARIA APARECIDA ALCÂNTARA DE SOUSA;PSD
245;APARECIDA BATISTA DIAS BARRETO DE OLIVEIRA;PL
246;MARIA APARECIDA DE SOUZA COSTA SILVA;PSDB
247;MARIA APARECIDA FAUSTINO FERNANDES;PSOL
248;MARIA APARECIDA FIRMINO;REPUBLICANOS
249;MARIA APARECIDA PINTO;PSD
250;APARECIDO BARBOSA DA SILVA;PODE
251;APARECIDO SARAIVA DA ROCHA;MDB
252;EDVAM RAMOS DE SOUZA;MDB
253;CLAUDINEIA MOREIRA DE ALMEIDA;PTB
254;CLAUDETE ALVES DA SILVA;PT
255;ANA CLAUDIA CARLETTO;PSDB
256;CLAUDIA CASTALDELLI CORRÊA;REPUBLICANOS
257;CLAUDIA CARRATO GRANDE;PSD
258;CLAUDIA SANTOS LEAL;PATRIOTA
259;CLÁUDIA PEREIRA CALDAS;PP
260;CLAUDILENA DE SOUZA SIQUEIRA;AGIR
261;CLAUDINEI DA ROCHA CORDEIRO;MDB
262;CLAUDIA KEITI DA COSTA;PDT
263;CLAUDIO DONIZETE DOS REIS;PSTU
264;CLAUDIO FREITAS;SOLIDARIEDADE
265;CLAUDIO GASPAR DOTTORI;REDE
266;CLAUDIO BISPO;PT
267;LUIZ CLAUDIO LUZ DA CONCEIÇÃO;SOLIDARIEDADE
268;CLAUDIO JOSÉ MACHADO;PSOL
269;CLAUDIO SIDNEI RIBEIRO;AGIR
270;CLEBER ARAÚJO BARBOSA;PODE
271;CLEBER DA ROSA MOREIRA;PP
272;CLEBER JACOB;PSD
273;CLEIDE FRANCISCO BIZERRA DA SILVA;PODE
274;CLENILZA PANATO;PCO
275;CLEOMENES ANTUNES JUNIOR;AVANTE
276;CLEUSA RAMOS ZERBINI;MDB
277;CLEUZA BORDIN QUEIROZ DA SILVA;SOLIDARIEDADE
278;CLOVES ALVES DOS SANTOS;PDT
279;CLOVIS PEREIRA JURADO;AVANTE
280;GISELDA MÁXIMO DE LIMA;AVANTE
281;BOLIVAR FUNDÃO FILHO;PTB
282;JADSON JOSÉ BARACHO DA SILVA;PSC
283;RENATO DO NASCIMENTO;PRTB
284;JOSÉ ROBERTO DE CASTRO;PATRIOTA
285;BENEDITO PEREIRA COSTA JÚNIOR;PATRIOTA
286;DULCINEIA LOPES DE OLIVEIRA;PL
287;EDGARD MARCOS GASPAR;REPUBLICANOS
288;HOMERO DE GIORGE CERQUEIRA;PROS
289;SILVIO ROMERO DE MAGALHAES LEITE;PTB
290;MÁRIO ALVES DA SILVA FILHO;PDT
291;NILSON JESPERSEN DE OLIVEIRA FRANCO;PTB
292;PAULO NISHIKAWA;PL
293;RUBENS NUSQUE JUNIOR;PTB
294;PAULO JOSÉ RIBEIRO DA SILVA;PSB
295;WAGNER TADEU SILVA PRADO;PTB
296;FABIO ALVARENGA QUINTINO;REPUBLICANOS
297;ROBERTO ALVES DOS SANTOS;DC
298;RONY DE CASTRO FRANÇA JUNIOR;PP
299;JOSÉ EDUARDO STANELIS DE AQUINO;PODE
300;MARCIO TADEU ANHAIA DE LEMOS;PL
301;PAULO ADRIANO LOPES LUCINDA TELHADA;PP
302;ORLANDO APARECIDO TOMASELLA;PSC
303;COSME APARECIDO FELIX;AVANTE
304;CRISTIANE KÁTIA SIMONI ABREU;PODE
305;CRISTIANE BRASIL FRANCISCO;PTB
306;CLAUDIA CRISTINA DA SILVA COSTA;PSC
307;CRISTIANE FORSSELL FERRARA FOMIN;PODE
308;CRISLAINE MARTINS PINHEIRO DA PAZ;REPUBLICANOS
309;CRISTINA ROHRBACHER;AVANTE
310;CRISTIANE FERREIRA DA SILVA;PL
311;CRISTIANO MOREIRA PINTO BERALDO;UNIÃO
312;CRISTIANO SALMEIRÃO;SOLIDARIEDADE
313;CRISTINA APARECIDA DOS SANTOS FERNANDES;PP
314;DAIANE CRISTINA MELO CORREA BARBOSA;PP
315;JOÃO GOMES DE ALMEIDA;PROS
316;MANOEL DAMIÃO GOMES BARBOSA;PSB
317;DANIELE LUCI CARDOSO BARBOSA FRANCO;PSDB
318;DANIEL MIGUEL;PTB
319;DANIEL AUGUSTO SILVA CURY;PSB
320;DANIEL BELCHIOR SANTANA;PROS
321;DANIEL FERNANDO DE SOUZA CAMILO;REPUBLICANOS
322;DANIEL NEVES DE FARIA;MDB
323;DANIEL JOSÉ DA SILVA OLIVEIRA;PODE
324;DANIEL MOTTA DE OLIVEIRA;REPUBLICANOS
325;DANIEL MONTEIRO COSTA;PDT
326;DANIEL OCTACÍLIO DE PAULA;PMN
327;DANIEL DE ANDRADE VIEIRA;PSC
328;DANIELA CURIATI NUCCI;PSB
329;DANIELE FERNANDES FERREIRA MARQUES;PRTB
330;DANILA CINTIA AZEVEDO DE OLIVEIRA;PTB
331;DANILO DA CUNHA BARBOSA;NOVO
332;DANILO MARCO MORGADO SILVA;SOLIDARIEDADE
333;DANILO SILVEIRA RAMOS;PL
334;DANILO HENRIQUE PEREIRA DAVID;NOVO
335;DANUTTA DE FIGUEIREDO FALCÃO ROSSETO;REPUBLICANOS
336;DANIELA APARECIDA FELIX;PSB
337;DAVID JOSE BUENO GOMES;SOLIDARIEDADE
338;DAVID DE AMORIM CALDAS;PTB
339;DAVID CARDOSO;PL
340;DAVID BEZERRA RIBEIRO SOARES;UNIÃO
341;DAYANE ANDRADE DA SILVA;AGIR
342;AGUINALDO DE CARLOS;DC
343;DEBORA FARIAS CABRAL;REPUBLICANOS
344;DÉBORA CRISTINA CHANTRE CARDOSO;PODE
345;DEBORA ELOISA JUSTINO;UNIÃO
346;DEBORAH SOARES RESEK;AGIR
347;DECIO COUTO CLEMENTE;PROS
348;ASTROGILDO CANDIDO DE SOUSA JUNIOR;SOLIDARIEDADE
349;FABIO DEFOURNY MARTINS;PSB
350;DELBIO CAMARGO TERUEL;UNIÃO
351;JUNIA CRISTINA LEME MACEDO;PTB
352;TERESINHA DE CARVALHO;PATRIOTA
353;ANDRÉ MAXIMILIANO MORON MACHADO;PSD
354;BRUNO MARCELLO DE OLIVEIRA LIMA;PP
355;CARLOS ALBERTO DA CUNHA;PP
356;DAVID ABMAEL DAVID;PL
357;ELTON HUGO NEGRINI;PRTB
358;MAURICIO JOSÉ LEMOS FREIRE;AVANTE
359;MARIO PALUMBO JUNIOR;MDB
360;PAULO FRANCISCO MUNIZ BILYNSKYJ;PL
361;MICHAEL DELLA TORRE NETO;PTB
362;DEMERSON DIAS;PSB
363;DEMÉTRIUS ALVES CABRAL FILHO;NOVO
364;DENILCE JOSEFINA NICOLA;AGIR
365;DENILSON ROCHA ZIROLDO;PSD
366;DENIS EDUARDO ANDIA;MDB
367;ALFREDO ALVES CAVALCANTE;PT
368;DIEGO ARAUJO AGIANI;PP
369;DIJAIR DE JESUS ALMEIDA;PDT
370;DIMITRI SEAN RIBEIRO CARNEIRO;PDT
371;CLAUDINEI ALEXANDRE PIRES;AVANTE
372;DIOGO PEREIRA FORJAZ;PL
373;ELIAS ASSIS NETO;AVANTE
374;WILKY ANDRADE OKAGAWA;AGIR
375;ERNESTO FERNANDES DE FREITAS NETO;PRTB
376;DOMENICO ANTONIO DONINA RODRIGUES;PP
377;EDNA APARECIDA OLIVEIRA SANTOS;MDB
378;VERA LÚCIA CHAGAS CONCEIÇÃO;AVANTE
379;DORIEDSON ANTONIO DA SILVA FREITAS;REDE
380;DOUGLAS ELIAS BELCHIOR;PT
381;DOUGLAS GARCIA BISPO DOS SANTOS;REPUBLICANOS
382;DOUGLAS DE ARAUJO GIGLIO;PP
383;DOUGLAS MELO DE SOUSA;REPUBLICANOS
384;DOUGLAS DE PAULO VIEGAS;UNIÃO
385;JOSÉ FERREIRA CAMPOS FILHO;PMN
386;DENILSON MIOTTO;PTB
387;MARCO AURELIO UBIALI;PSB
388;FABRES LENE DE AQUINO DELMONDES;PODE
389;ADILSON DE MEDEIROS PAULINO;PSC
390;ALEXANDRE DE ALCANTARA;PSDB
391;ERICO ROMÃO DE VILLALBA ALVIM;PROS
392;AMILTON AUGUSTO DA SILVA JUNIOR;PSB
393;ANDRÉ SACCO JUNIOR;PSDB
394;JOSÉ ROBERTO APOLARI;PP
395;ARTUR CESAR BONACCORSI;PMN
396;ROBERTO MARTINS FIGUEIREDO;MDB
397;CAIO JOSÉ CARLOS SILVEIRA GAIANE;PODE
398;CLAUDIMAR AMARO DE ANDRADE RODRIGUES;PCB
399;JOSÉ DE CASTRO COIMBRA;AVANTE
400;AILTON BOLIGNARI;DC
401;EUCLYDES DIAS BUCHLER;AVANTE
402;EVILASIO CAVALCANTE DE FARIAS;PSB
403;FILIPE AUGUSTO FORNARI MONTANHOLI;PP
404;FLÁVIO MIGUEL AMORIM;PP
405;FREDERICK WASSEF;PL
406;GETULIO PEREIRA SERPA;PSB
407;GILBERTO ANTONIO LUIZ;PT
408;JOÃO LUIZ LEITE;PP
409;JOSE JOAQUIM FERNANDES RAPOSO FILHO;PODE
410;JORGE HERMES GUIMARÃES;PATRIOTA
411;JORGE ABISSAMRA FILHO;PSB
412;EDISON IWAO KURAMOTO;PSDB
413;MARCELO DA MOTTA BARRICHELLO;PSD
414;MARCELO MORICKOCHI;PP
415;MAURICIO BERNARDINO SOARES;PL
416;CARLOS MINORU ISHIKO;REPUBLICANOS
417;NEVTON OLIVEIRA ROCHA;PODE
418;NILTON LOURENÇO CANDIDO;PSB
419;ORLANDO COSTA DIAS;PSC
420;PAULO DE TARSO NUNES CHIODE;AVANTE
421;PAULO PURKYT;DC
422;RAPHAEL APARECIDO DE OLIVEIRA;PP
423;RENATO MENEGUELO;MDB
424;RENATO FERREIRA DA SILVA;PATRIOTA
425;RICARDO MITSUO NAKAGAWA;PSD
426;RICARDO YOSHIO;SOLIDARIEDADE
427;JOSE RODRIGUES COSTA;PP
428;ROGER LIN;PODE
429;RUI CARLOS VINCENZI;MDB
430;SINÉSIO LUIZ ANTONIO;PP
431;TASSIO RENAM SOUZA BOTELHO;PROS
432;TIOKI OGUSUKA;PATRIOTA
433;VINICIUS TADEU SATTIN RODRIGUES;PL
434;ROBERTO CACCIARI FILHO;PL
435;CLEBER FERNANDO BERNARDI;PODE
436;DAVID DE OLIVEIRA RUFATO;PSC
437;DOUGLAS YUGI KOGA;NOVO
438;ELIAS ANTONIO NETO;UNIÃO
439;FABIO SIQUEIRA DIAS;REPUBLICANOS
440;HERMES RODRIGUES NERY;PRTB
441;JAQUES ARTUR MUNHOZ;PT
442;JOAO NAVES NETO;PSDB
443;LEANDRO OSVALDO SANTOS MEIRELES DA FONSECA;REPUBLICANOS
444;ELISSANDRO MARCIO SILVA LINDOSO;PSC
445;LUCILIO FERREIRA DA SILVA;PSOL
446;PAULO CESAR DA SILVA FERREIRA;REPUBLICANOS
447;PAULO EDUARDO SEADE SERRA;REPUBLICANOS
448;RENATO KOGA CERQUEIRA;PRTB
449;SINVAL MALHEIROS PINTO JUNIOR;PATRIOTA
450;WALTER AGUIAR DE CARVALHO JUNIOR;AGIR
451;CAROLINA TAKAYAMA DOS SANTOS;PP
452;CLEONICE DE OLIVEIRA;PL
453;ELIANA GALVÃO DIAS;PRTB
454;ELISA CLAUDIA COUTINHO;AVANTE
455;ELZA NUNES MACHADO GALVÃO;UNIÃO
456;FRANCISCA SILVA SERRA MATIAS;AVANTE
457;IRIS MARIA BARROS DE BRITO;AGIR
458;JOSIANE DE OLIVEIRA;PP
459;MARIA AUXILIADORA DE SOUSA;PRTB
460;LOREDANA NOCITO SALAMONE;AVANTE
461;LYSSA CAROLINE MONTEIRO MAXIMO CARTIER;PL
462;MARIA PAULA MILLEN BARCELLOS;AGIR
463;NAYARA MIRANDA ALVES;PROS
464;GERALNICE ALVES TEIXEIRA;PROS
465;NISE HITOMI YAMAGUCHI;PROS
466;SAMIRA SILOTI;PL
467;SANDRA REGINA CARBONE TADEU MUDALEN;UNIÃO
468;SIRLENE DE LIMA DOMINGUES;SOLIDARIEDADE
469;ELAINE CRISTINA GONÇALVES AMORIM;PSC
470;HERICA VELOSO RIBEIRO MONT'ALVÃO;PSC
471;MIRIAN LEE;PMB
472;MARIA EMILIA GADELHA SERRA;PRTB
473;PATRÍCIA CRISTINA MARÇAL;SOLIDARIEDADE
474;ROSA ENEIDE DOS SANTOS ABLAS;PODE
475;SILVIA HELENA BUENDIA;PRTB
476;TARYK AL JAMAHIRIYA AGIO;SOLIDARIEDADE
477;ANTONIO RIBEIRO DUARTE;PSTU
478;JOSE MANOEL DE LIRA FILHO;AGIR
479;EDUARDO SIVINSKI;AVANTE
480;DURVAL LOPES ORLATO;PROS
481;DYEGO RAFAEL BARBOSA SÉRVOLO;PSOL
482;ECLAIR PIRES DE SOUZA;PSB
483;EDER DIAS MASCARENHAS;AGIR
484;EDER SOLDERA BORGHETTI;AGIR
485;EDER GARCIA SOARES VITERBO;DC
486;EDICARLOS VIEIRA;PP
487;EDINALVA JACINTA DE ALMEIDA;PROS
488;JOSÉ EDILSON PACHECO SILVA;PSC
489;EDIMARCOS FERREIRA DA SILVA;PROS
490;EDINALDO ANTÔNIO DO CARMO;PMN
491;EDSON COELHO ARAÚJO FILHO;MDB
492;EDSON FRANCISCO DE SANTANA;PSB
493;EDISON DE OLIVEIRA;PATRIOTA
494;EDIVALDO DOMINGOS DE CASTRO;PMB
495;EDIVALDO CORREIA DE OLIVEIRA;DC
496;EDMILSON DE SOUZA VIEIRA FEITOSA;MDB
497;EDNA PENHA DA SILVA;PSB
498;EDSON FERREIRA PONTES;SOLIDARIEDADE
499;EDSON MOURA;PSD
500;EDUARDO JANZON AVALLONE NOGUEIRA;PODE
501;EDUARDO NANTES BOLSONARO;PL
502;EDUARDO VINICIUS VENTURELLI DE ALMEIDA PRANDO;SOLIDARIEDADE
503;EDUARDO COSENTINO DA CUNHA;PTB
504;EDUARDO PEDROSA CURY;PSDB
505;EDUARDO DIAS REAL;PCB
506;EDUARDO VALERIANO DOS SANTOS;PATRIOTA
507;AUGUSTO EDUARDO VIDAL NETO;PODE
508;JOSÉ EDVALDO BRITO;AVANTE
509;EDVALDO RANZANI CARLOS;AGIR
510;ELAINE APARECIDA PEREIRA GOMES;REPUBLICANOS
511;ELAINE SILVEIRA NEVES;MDB
512;ELAINE CRISTINA DA SILVA;PP
513;ELDO PEDRO DA SILVA;CIDADANIA
514;ADRIANO ELI CORREA;UNIÃO
515;ELIANA FERNANDES CONCEIÇÃO;PSD
516;ELIANA OLIVEIRA DE LIMA;AGIR
517;ELIANA MARUCCI COSTA MIRANDA;MDB
518;ELIAS ARACATI PAIVA;AVANTE
519;ELIAS DE SISTO;PSB
520;ELIAS GUIMARAES BORGES;PTB
521;ELIAS TEIXEIRA;AGIR
522;ELIEL MIRANDA;PSD
523;ELIETE NUNES FERNANDES DA SILVA;CIDADANIA
524;ELIS REGINA VIEIRA RUANO;PSC
525;MARIA ELISABETE DO NASCIMENTO TAHAN LOPES BARROS;PSC
526;ELISANGELA MARIA FERREIRA;PRTB
527;ELISANGELA JOVANA DOS SANTOS;PATRIOTA
528;ELISEU GABRIEL DE PIERI;PSB
529;ELIVALDO NOGUEIRA CHAVES;PMN
530;ELISANGELA BRITO DO NASCIMENTO;PMN
531;ELIZA MURATORI DE SOUZA;PRTB
532;ELLEN RENATA DE MICO CHARKANI SIMÕES;PL
533;ELISANGELA CLENILDA NOBREGA;PROS
534;ELTON FRANCISCO DE BRITO;PSDB
535;ELIZANGELA MOREIRA SOARES DE SOUZA;PMN
536;ELIANE DE SOUSA ALVES MACHADO;REPUBLICANOS
537;ELZA ALVES DE CARVALHO;PDT
538;EMANOEL DE CARVALHO MOURA;AVANTE
539;EMERSON WELSCH;PMN
540;EMERSON LUIZ DA CRUZ;PATRIOTA
541;EMERSON JONAS DE OLIVEIRA COSTA;PMB
542;EMERSON VANCINI;PROS
543;EMERSON KAPAZ;PSD
544;AMANDA ROSA MARIA SILVA;SOLIDARIEDADE
545;EDITH FERREIRA DE SOUZA OLIVEIRA;SOLIDARIEDADE
546;EUNICE FATIMA RODRIGUES REBOUÇAS DO NASCIMENTO;SOLIDARIEDADE
547;MARIA LUCIA DA SILVA;PODE
548;TANIA MARA DA CRUZ TONET;REPUBLICANOS
549;ERICK JOSÉ ELOI DO NASCIMENTO;PDT
550;ENRICO VAN BLARCUM DE GRAAFF MISASI;MDB
551;ERICA CRISTINA ROCHA GORGA;PATRIOTA
552;ERIKA SANTOS SILVA;PSOL
553;ERIKA FERNANDA MATOS DOS SANTOS;PSDB
554;ERIKA ROBERTA DOS SANTOS OLIVETTI JACOMINI;PSDB
555;ERNESTO BENEDITO NÓBILE;AVANTE
556;ESNAR DONIZETI RIBEIRO LUZ;REPUBLICANOS
557;EVANDRO FONTINELE;PSB
558;EZEQUIEL SOUZA DE SÁ;PRTB
559;MARIA FABIA DA SILVA;PDT
560;FABIANA OLIVEIRA DA SILVA;AVANTE
561;FABIANA SOLER DOS SANTOS ANDRADE;PT
562;FABIO HENRIQUE DA CONCEIÇÃO;PSD
563;FABIO SILVA CALIXTO;PT
564;FABIO DE VASCONCELOS LIMA;AGIR
565;FÁBIO NOVAIS MAGALHÃES;PSDB
566;FÁBIO NOVAIS MAGALHÃES;PSDB
567;FÁBIO SARTORI MANFRINATO;PATRIOTA
568;FABIO RINALDI MANZANO;MDB
569;FABIO DE SALLES MEIRELLES NETO;UNIÃO
570;FABIO JOSÉ RODRIGUES DE MELLO;PSOL
571;FABIO BLANES;AVANTE
572;FÁBIO SILVA MOREIRA;PDT
573;FABIO JOSÉ RIBEIRO PACIULLO;PSC
574;FÁBIO DE ARAÚJO PATUSSO;PMN
575;FABIO APARECIDO PLACIDO;NOVO
576;FABIO ELY RAMOS;PSB
577;FABIO RENATO DE SOUSA FERREIRA;NOVO
578;FABIO CESAR SATO;MDB
579;FABIO SOARES DE OLIVEIRA;PSDB
580;FÁBIO EDUARDO DE OLIVEIRA TERUEL;MDB
581;FÁBIO ISSA ZAN;NOVO
582;FABIOLA DE ALMEIDA PINTO;PROS
583;FABRICIO DE CARVALHO SILVA;PATRIOTA
584;FABRICIO DIAS JUNIOR;MDB
585;MARCO ANTÔNIO FACCAS;PDT
586;FARID SAID MADI;PODE
587;MARIA DE FÁTIMA PAULA BAULÉ;NOVO
588;FATIMA APARECIDA SANTOS DE SOUZA;PROS
589;FATIMA REGINA PORTELLA OLIVEIRA;NOVO
590;FAUSTO SALVADOR PERES;PODE
591;FAUSTO RUY PINATO;PP
592;ELAINE DOSOLINA FAVERO;PSD
593;RODRIGO FAZITO ZIOLLI CALDERARO GIACOMINI;PMB
594;ANTONIO RAIMUNDO FEDOSSI;PTB
595;FELICIANO NAHIMY FILHO;PATRIOTA
596;FELIPE BECARI COMENALE;UNIÃO
597;LUIZ FELIPE DE ANDRADE FOLGOSI;PL
598;FELIPE AUGUSTO TEDESCHI LINTZ;PATRIOTA
599;FELIPE GUIMARÃES DE ARAÚJO COSTA;PSB
600;LUIZ FELIPE DE LIMA SANTOS;MDB
601;FERNANDA ALVES SILVA;PATRIOTA
602;FERNANDA FERREIRA DE ARAÚJO;PSD
603;FERNANDA STEFANI CURTI;PT
604;FERNANDA SCHLIC GARCIA;PSOL
605;FERNANDA DA SILVA ALVES;REPUBLICANOS
606;FERNANDA MENDES PRADO;PT
607;FERNANDA DE ARAÚJO COSTA;PROS
608;FERNANDO CAPEZ;UNIÃO
609;FERNANDO CHIARELLI;PATRIOTA
610;FERNANDO BELCHIOR DIAS;PATRIOTA
611;FERNANDO ALVES LISBOA DINI;MDB
612;FERNANDO FAVORETO;PSC
613;FERNANDO FERRARI MERIGLI;PTB
614;FERNANDO HOLIDAY SILVA BISPO;NOVO
615;LUIS FERNANDO DE SOUZA;PSDB
616;FILIPE MANSINHO DE LIMA;REPUBLICANOS
617;CLEVERSON FIUZA ALVES;NOVO
618;FLAVIA BITENCOURT PIRES;PODE
619;FLAVIA CAMARGO DA SILVA;PODE
620;FLÁVIA OLIVITO LANCHA ALVES DE OLIVEIRA;PSD
621;FLAVIA FERREIRA DO PRADO;PATRIOTA
622;FLÁVIO AUGUSTO DA SILVA;PSD
623;FLAVIO SILVA DE FREITAS;PATRIOTA
624;FLÁVIO DOS SANTOS ALECRIM;PMN
625;FLAVIO CASIMIRO DE SOUSA;PSOL
626;FLAVIO ROBERTO CASIMIRO;AGIR
627;FLÁVIO ROBERTO DE SOUZA SANT'ANNA;PSB
628;FLÁVIO SILVA FILHO;PSOL
629;FLAVIUS COTAIT RUGGIERO;PRTB
630;JOSÉ FLORIANO DE ARAUJO JUNIOR;PSB
631;FRANCINA SOUZA DRUMOND;PSB
632;FRANCIELLE LUZIA DE SOUZA DURAN;PMN
633;FRANCIELLE EYRE DE OLIVEIRA TRIANI;UNIÃO
634;FRANCISCO JOSÉ DA CRUZ FILHO;PMN
635;ANTONIO FRANCISCO DA SILVA ARAUJO;PSOL
636;FRANKLIN VENANCIO DA SILVA NETTO;PODE
637;FREDERICO AUGUSTO ARANTES MACHADO;PSDB
638;FREDERICO BRAUN D AVILA;PL
639;ROBSON LIEBETANZ DZELVE CALABIANQUI JUNIOR;PL
640;GABRIEL MARQUES DA COSTA;PCO
641;GABRIEL HENRIQUE MARUCCI;PCB
642;JOSE ANTONIO DE OLIVEIRA;PTB
643;PAULA DIAS DE LA FUENTE;UNIÃO
644;ESTER LOPES DE SOUZA FLOR;UNIÃO
645;ALBERT GAUSS;PP
646;GEFFERSON LUIS DE SOUSA ROSA;AVANTE
647;ROBERTO SEBASTIÃO PETERNELLI JUNIOR;UNIÃO
648;GENERSON JOSE FAUSTINO;PROS
649;EUGENIO JOSÉ ZULIANI;UNIÃO
650;GEOVANIA DE SOUSA OLIVEIRA QUEIROZ;PP
651;GERALDA MARIA DE LIMA;PP
652;GERALDO JERÔNIMO GONÇALVES;PDT
653;GERALDO MARTINS DE SOUZA;PT
654;GERALDO RODRIGUES GUILHERME;AGIR
655;GIVANILSE DOS SANTOS;UNIÃO
656;GILDENOR ALVES FREIRE;PT
657;GILBERTO BENTO;REPUBLICANOS
658;GILBERTO SILVA LIMA;AGIR
659;GILBERTO NASCIMENTO SILVA;PSC
660;GILMAR APARECIDO RODRIGUES;PATRIOTA
661;GILMAR DA SILVA GIMENES;PL
662;GILMAR ROTTA;PP
663;GILMARA VANZO CRISTÃO;PP
664;GILSON DE SOUZA CARVALHO;PDT
665;GILVANDRO JOSÉ ALVES DE OLIVEIRA FILHO;PDT
666;GIOVANI FALCONE DE CRISTO ALVES;PRTB
667;GISELE ARANHA SCHOWE;NOVO
668;GISELE DE MORAES PONTES;DC
669;GLAUCE KELLY DOS SANTOS ADÃO LIMA;PDT
670;GLAUCIA DE MATOS BERNARDO;PP
671;GLÁUCIA ASSUNÇÃO DE OLIVEIRA;PMN
672;GLAUCIA BERENICE SANTOS DA SILVA;REPUBLICANOS
673;GLAUCIA MAXIMO DOS SANTOS;PATRIOTA
674;ANTONIO GOULART DOS REIS;UNIÃO
675;SILVANO XAVIER MOURATO;PROS
676;GUALTER DE ALMEIDA AMADO;REPUBLICANOS
677;WALDIR FELICIANO GUEDES;PROS
678;ANTÔNIO AGNALDO GUERRA;SOLIDARIEDADE
679;WAGNER DONIZETI PEREIRA;PATRIOTA
680;JOSÉ GUILHERME NEGRÃO PEIXOTO;PSC
681;GUILHERME CASTRO BOULOS;PSOL
682;GUILHERME SORICILLO BUNGER;PTB
683;GUILHERME CAMPOS JUNIOR;PSD
684;GUILHERME CAMPO DALL ORTO LEITE DO AMARAL;PODE
685;GUILHERME DE SOUZA GOMES;PSDB
686;GUILHERME PIAI SILVA FILIZZOLA;REPUBLICANOS
687;GUILHERME PRADO ALMEIDA DE SOUZA;PSOL
688;ÉLCIO GUSSON;PMN
689;GUSTAVO MARTINS PICCOLO;PDT
690;CLAUDINEI DE OLIVEIRA BARBOSA;PTB
691;HAMILTON BERNARDES JUNIOR;UNIÃO
692;HAROLD THAU;PSDB
693;HAROLDO LOUZADA DE MAGALHÃES VIANA;PATRIOTA
694;HEITOR ALVES;PDT
695;HELCIO FREIRE DO CARMO;NOVO
696;HELIO NISHIMOTO;MDB
697;HELIO ALVES RIBEIRO;REPUBLICANOS
698;HÉLIO TELES ALVES;PMN
699;MARIA HELOISA GOMES DA SILVA;SOLIDARIEDADE
700;HELOIZA RAVASQ DA SILVA;PMN
701;HELTON MICHAEL LEITE FERREIRA;PMN
702;HENRI DIAS;SOLIDARIEDADE
703;HENRI HAIM ESSES;PV
704;HENRIQUE STEIN SCIASCIO;REPUBLICANOS
705;HENRIQUE CARLOS PARRA PARRA FILHO;PSOL
706;MIGUEL ANDERSON HEREDIA DE SÁ;PTB
707;HERNANI ALBERTO MONACO LEONHARDT;MDB
708;HILARIO JULIANO RUIZ DE OLIVEIRA;PSB
709;HOSANA DA SILVA PEREIRA;PP
710;HUGO GOMES PAIVA;PTB
711;HUMBERTO JANTIM NETO;NOVO
712;IARA BERNARDI;PT
713;IARA REGINA CORRÊA GUSMÃO;AVANTE
714;ANTONIO MARIO DE PAULA FERREIRA IELO;PDT
715;IGOR COIMBRA MANHANI;PP
716;ILDA MARA REIS;PODE
717;MARIO VIGGIANI NETO;PRTB
718;IOLANDA GOMES RUAS;PSD
719;IRACILDA LOPES GUIMARÃES;PSB
720;APARECIDA SOUZA LIBERALINO ALVES;PATRIOTA
721;MARIA DA GUIA ALVES DA ROCHA;PSC
722;ISADORA MARTINATTI PENNA;PC do B
723;ISAAC DALCOL ANTUNES;PL
724;ISABEL CRISTINA GONÇALVES BERNARDES;REDE
725;ISAÍAS TEIXEIRA DE OLIVEIRA;PSB
726;ISIS MUSTAFÁ DE ASSIS;UP
727;ITALO LORENZON NETO;PTB
728;IVAN RENATO DE LIMA;PSDB
729;IVAN RICARDO GARISIO SARTORI;AVANTE
730;IVAN SERIGATO JUNIOR;PODE
731;IVAN VALENTE;PSOL
732;IVANDA MARIA RODRIGUES COSTA;PMN
733;IVANILDO DOS SANTOS;REPUBLICANOS
734;IZADORA CRISTINA DIAS DA SILVA;PCO
735;CLEBER DOS SANTOS TEIXEIRA;PROS
736;JARKSON VILAR DA SILVA;REPUBLICANOS
737;JACQUELINE CHANEL;PT
738;JACQUELINE COPQUE DE SANT'ANNA PEREIRA;PSB
739;JAIR CUSTÓDIO DA SILVA;PODE
740;JAIR GOMES DA SILVA;PTB
741;GUILHERME DE SOUZA;PP
742;JANAÍNA VALÉRIA BUCKER RIEDO;PRTB
743;JANAINA MACEDO CALVO;NOVO
744;JANAINA FERRATO ELIAS;PT
745;JANAINA CARLA DE LIMA PASCALICHIO;MDB
746;JANAINA PEREIRA DA SILVA SOARES;PROS
747;JOÃO AFONSO SOLIS;PSB
748;JANIEIRE MARIA SILVA;NOVO
749;FABIO DIAS DE OLIVEIRA;UNIÃO
750;JAQUELINE DOMINGOS SAVIO MARTINS DO NASCIMENTO;UNIÃO
751;JARBAS EMÍLIO DE MORAES NETO;NOVO
752;JOÃO BOSCO DE OLIVEIRA;PODE
753;DARLEY JEAN ALBUQUERQUE BARBOSA;PMN
754;JEFFERSON FERNANDO RIBEIRO CABRAL;PSB
755;JEFFERSON ALVES DE CAMPOS;PL
756;JEFFERSON LUIZ PEREIRA DA SILVA;UNIÃO
757;JENNIFER ADRIELI CERQUEIRA LEITE LOPES;AGIR
758;JERRI ADRIANO FERREIRA DA SILVA;PSC
759;JERUSA JANUÁRIA DA SILVA;REDE
760;JESSICA PASCOAL ALVES;PRTB
761;JÉSSICA APARECIDA SOMER MAGALHÃES;PSC
762;JESSICA VILOCANIA SEVERINO;PATRIOTA
763;JILMAR AUGUSTINHO TATTO;PT
764;JUCILENE ALVES DA SILVA;PSC
765;JÓ RODRIGUES COSTA DO NASCIMENTO;PROS
766;ROBSON ALMEIDA VENTURA;DC
767;JOÃO CURY NETO;MDB
768;JOÃO EDUARDO DADO LEITE DE CARVALHO;PL
769;JOÃO FRANCISCO GARCIA;PMN
770;JOÃO JORGE CAPRONI COSTA PIMENTA;PCO
771;JOÃO LUIZ FEITOSA;MDB
772;JOÃO PAULO RILLO;PSOL
773;JOÃO PEDRO DA PAZ ARAÚJO;REDE
774;JOÃO VITOR SPARANO;PROS
775;JOÃO ROBERTO DE SOUZA;DC
776;JORGE MALULY NETO;PODE
777;JOEL ANTONIO DE MELLO;PTB
778;JOEL DE MELO;AVANTE
779;JAELSON DA CONCEIÇÃO SERRA;PROS
780;JOICE CRISTINA HASSELMANN;PSDB
781;JONAS DE CASTRO DIAS;PMB
782;JONAS DONIZETTE FERREIRA;PSB
783;JONAS AUGUSTO MIGUEL MACHADO;AGIR
784;JONATAN SANTOS DE OLIVEIRA;REPUBLICANOS
785;JONATHAN FABIO NASCIMENTO SOUZA;REPUBLICANOS
786;JONES DOS SANTOS SILVA;PL
787;JORGE BATISTA LOPES;SOLIDARIEDADE
788;JORGE CORRÊA DE ARAUJO;PSD
789;JORGE EDUARDO RUBIES;AVANTE
790;JORGE DONIZETTI RIBEIRO DE MATOS;PMN
791;JORGE ANTONIO SORIANO MOURA;PT
792;JORGE AUGUSTO FIGO PESSOA;PDT
793;FRANCIS GRACE RAMOS FRANCISCO;PMB
794;WALTER GUALBERTO DE BRITO;PROS
795;WELLINGTON MACEDO DE SOUZA;PTB
796;JOSÉ ALFREDO GARCIA DOS SANTOS;PRTB
797;JOSÉ AMÉRICO ASCENCIO DIAS;PT
798;JOSÉ ANIBAL PERES DE PONTES;PSDB
799;JOSÉ DOMINGOS BITTENCOURT;AVANTE
800;JOSÉ VASCONCELO VIANA;PMN
801;JOSÉ LEMES SOARES;PODE
802;JOSÉ SERRA;PSDB
803;JOSIANE CRISTINA FRANCISCO PIETRO;PSD
804;JONATHAN PEREIRA DE SOUZA;PMN
805;JUAREZ DE CARVALHO COSTA;PMB
806;JUAREZ DOMINGOS COSTA;PSC
807;JUAREZ JUVÊNCIO DOS SANTOS;PODE
808;MAURÍCIO JESUS DE MORAES;DC
809;WILSON LIMA DA SILVA;PSB
810;JULIANA VALÉRIA DA SILVA;AVANTE
811;MARIA JULIA SARAIVA DE CARVALHO;PCB
812;JULIANA DE PAULA LOURO TENÓRIO;UNIÃO
813;JULIANA CARDOSO;PT
814;JULIANE LAURA CAMOLESI GALLO;MDB
815;MARCOS JULIANO FERREIRA;PATRIOTA
816;JULIANO TAKESHI KOCHI;AGIR
817;JÚLIO CESAR FERRAZ VIEIRA;PV
818;JÚLIO CÉSAR GARCIA;PODE
819;JULIO CESAR DE LIMA MORAES;PSB
820;JÚLIO CÉSAR GUIDETTE LUCANTE SALDANHA;NOVO
821;ADILSON DA SILVA ROZA FILHO;REPUBLICANOS
822;NICOLINO BOZZELLA JUNIOR;UNIÃO
823;JOSE CARLOS OROSCO;UNIÃO
824;JURACY FRANCISCO DE JESUS;AGIR
825;JURANDIR PEREIRA ALENCAR;PTB
826;JUSSARA MORO PRESTO;PP
827;MARIA GABRIELA PRADO MANSSUR;MDB
828;KALED ALI EL MALAT;PSD
829;CAMILA GARCIA;PATRIOTA
830;KARINA CELESTE MOURA;PSD
831;KARLA JULIANE DA SILVA ALVES FRANCISCO;MDB
832;KATHERINE DO FORTE SILVA;PMB
833;KATIANE DA COSTA PEREIRA;PSB
834;KAUÊ CESAR SILVA;MDB
835;IOLANDA KEIKO MIASHIRO OTA;MDB
836;KELLY PIRES FREITAS;AGIR
837;KERIN DA ROCHA SILVA PEREIRA;PRTB
838;KERLLYN DE OLIVEIRA MENEGUSSE;PT
839;CLOVIS BASILIO DOS SANTOS;UNIÃO
840;JOSÉ OSVALDO CAVALCANTE BELONI;PSC
841;FRANCISCO DANIEL CELEGUIM DE MORAIS;PT
842;JACQUES CHOURIK;PP
843;KIM PATROCA KATAGUIRI;UNIÃO
844;RODRIGO MEIRA BRITO;UNIÃO
845;MARCOS ROBERTO VICENTE;PP
846;KOYU IHA;SOLIDARIEDADE
847;LAIR MOURA SALA MALAVILA JUSEVICIUS;UNIÃO
848;LARISSA PAIVA ANALIO MARCELINO;MDB
849;LAUDERICO SARTORATTO;PRTB
850;LÉA PICELLI;DC
851;LEA MARIA DE SALES CUNHA;PMB
852;LEANDRO CSEIMAN DOURADO;PDT
853;LEANDRO AUGUSTO DO AMARAL;PATRIOTA
854;LEANDRO PAGGIARO CORREA DE ARRUDA;PCO
855;LEANDRO RUIVO;PRTB
856;LEANDRO VITOR AFONSO DA SILVA VERONEZ;PRTB
857;LEILSON CASTRO DOS SANTOS;PRTB
858;EDILENE OLIVEIRA ANDRADE;PP
859;LENIR MARIA DE OLIVEIRA;PSC
860;LEONORA MENDES DE LIMA;MDB
861;LEONARDO DE ASSIS FERREIRA;PRTB
862;ALESSANDRO DE FREITAS LEONE;PSD
863;LEONICE LEONCIA DOS SANTOS;REPUBLICANOS
864;LEONILDE RUFINO DE SENA HINA;AGIR
865;LEWIS SAWINSKI DE ALMEIDA;PODE
866;LEVY FRANCISCO RODRIGUES FIDELIX;PRTB
867;ELIANE CRISTINA GANZAROLI DA SILVA;AGIR
868;LIDIANI ROCHA FERREIRA;MDB
869;LIGIA LIMA DOS SANTOS;UNIÃO
870;LILIANE NUNES DE CARVALHO DOS SANTOS;AGIR
871;PASCOALINA SOUZA SILVA;PT
872;LILIAN MARIA COSTA MANSUR ANDRADE;NOVO
873;LILIAN REGINA SANTANA TROVÃO;PL
874;LILIANE GONÇALVES VENTURA LOPES;PL
875;DMITRI PATRICIO DE LIMA;CIDADANIA
876;LINCOLN PEREIRA FERNANDES;PDT
877;FERNANDO LISBOA DA CONCEIÇÃO;PL
878;LISIA SAKAI;PCO
879;SERGIO ZULMIRO LITHOLDO;PROS
880;LORENY MAYARA CAETANO ROBERTO;SOLIDARIEDADE
881;LOURIVALDO DELFINO;PATRIOTA
882;LUANA DE BRITO TAVARES;PSD
883;LUANA TRINDADE DA SILVA;AVANTE
884;LUCAS SANCHES PROMESSIA;PP
885;MARIA LUCIA SECOTI FILIZOLA;REDE
886;LUCIANA RIBEIRO CASTELLAN;PTB
887;LUCIANA CUNHA;PATRIOTA
888;LUCIANA TRINDADE DE MACEDO;PSB
889;LUCIANA DA SILVA;REPUBLICANOS
890;LUCIANA PAULA VALENTIM;PATRIOTA
891;LUCIANO ANDRE RODRIGUES;MDB
892;LUCIANO LEMOS MEGA;AVANTE
893;LUCIANO MOURA DA SILVA;PDT
894;LUCIANO UBIRAJARA NASSAR;AGIR
895;LUCIANO DA CONCEIÇÃO;SOLIDARIEDADE
896;LUCIENE CAVALCANTE DA SILVA;PSOL
897;LUCIENE BARROS VERISSIMO DA SILVA;PT
898;LUCIO DIAS DE OLIVEIRA;PTB
899;LUZIANE DIAS SIMÃO;PSOL
900;LUIS CLAUDIO FERNANDES MIRANDA;REPUBLICANOS
901;LUIS ROSAS JUNIOR;PROS
902;LUÍS EDUARDO ANTUNES VIEIRA;PSD
903;LUIZ DE SOUZA ARRAES;SOLIDARIEDADE
904;LUIZ FELIPE DIAS;PDT
905;LUIZ LAURO FERREIRA;MDB
906;LUIZ MARINHO;PT
907;LUIZ CARLOS RAMOS ARRUDA DA SILVA;AGIR
908;LUIZ OTAVIO OLIVEIRA CAMPOS;MDB
909;LUIZ PHILIPPE DE ORLEANS E BRAGANÇA;PL
910;LUIZ SCALEA;PODE
911;LUIZ FRANCISCO TEIXEIRA;PTB
912;LUIZ ZACARIAS DE ARAUJO FILHO;PL
913;LUIZA ERUNDINA DE SOUSA;PSOL
914;LUIZA POLYDORO;PTB
915;CLEBER MACARIO DE MACEDO;PDT
916;EMERSON DE ABREU SANTANA;PT
917;ANTONIO ALBERTO MACHADO;PT
918;MADALENA DE LAURA PEREIRA;PSC
919;MAICON VINICIUS RIBEIRO DA SILVA;MDB
920;MAISA DINIZ LIMA;REDE
921;ODIMAR BARRETO DOS SANTOS;PROS
922;ADRIANO DA COSTA E SILVA;REPUBLICANOS
923;PAULO SERGIO DA ROCHA;REPUBLICANOS
924;VITOR LEONARDO SANTOS VARCILIO;PATRIOTA
925;LUIZA FAUSTINO PEREIRA PARI;AVANTE
926;MARIA LUCIA DA SILVA;PODE
927;MANOEL EDUARDO PEREIRA DA CRUZ PALOMINO;PP
928;MANOEL DAVID KORN DE CARVALHO;UNIÃO
929;MARCOS RODRIGUES;PRTB
930;MARA LUCIA GARCIA;PRTB
931;MARAISA PINHEIRO TANNURE;PROS
932;FERNANDO JOSE DE SOUZA MARANGONI;UNIÃO
933;MARCOS VINICIUS LUZ GIANNONI;PMB
934;MARCOS ROBERTO DOS SANTOS;PTB
935;MARCEL BRASIL DE SOUZA MOURA;DC
936;MARCELA DE CARVALHO NORA;UNIÃO
937;MARCELO DA SILVA;MDB
938;MARCELO MARQUES DE SOUZA;PP
939;MARCELLO LEONARDI BEZERRA;PSB
940;MARCELLO FERREIRA DOS SANTOS;PSTU
941;MARCELO PORFIRIO DA SILVA;PSDB
942;MARCELO APARECIDO DA SILVA;REPUBLICANOS
943;MARCELO HERCOLIN;UNIÃO
944;MARCELO GERALDO DA SILVA;PSC
945;MARCELO DE LIMA FERNANDES;SOLIDARIEDADE
946;MARCELO FABIÁN MERCAU FILHO;PROS
947;MARCELO JOSÉ ORTEGA;PODE
948;MARCELO RODRIGUES JUNIOR;PATRIOTA
949;MARCELO ROSSI DOS SANTOS;PTB
950;MARCELO CESAR TORRES RUBI;PRTB
951;MARCIA HELENA BARROS BENEDITO;DC
952;MARCIA BUENO DA SILVA;PTB
953;MARCIA REGINA ALVES GONCALVES;PTB
954;MÁRCIA REBESCHINI PATELLA DA SILVA;PV
955;MÁRCIA ROCHA;CIDADANIA
956;MARCIA VALERIA MARQUES LOPES SAQUETO;PATRIOTA
957;ANTONIO CARLOS MARCIANO;PROS
958;MARCILIO DUARTE LIMA;PTB
959;MÁRCIO LEANDRO CENTENORIO;PSOL
960;MARCIO GONÇALVES MACIEL;MDB
961;MARCIO LUIZ ALVINO DE SOUZA;PL
962;MARCIO CECCHETTINI;PSDB
963;MARCIO ROBERTO GARCIA LARRANHAGA;PSC
964;MARCIO RODRIGUES;PODE
965;MARCIONILIO CAMARGO DOS SANTOS;PRTB
966;MARCO ANTONIO DE SOUZA PINTO;NOVO
967;MARCO AURELIO BERTAIOLLI;PSD
968;MARCO ANTONIO BATISTA;REDE
969;MARCO ANTONIO FONTEBASSO;PROS
970;MARCOS DA COSTA;AVANTE
971;MARCOS DE BARROS GABRIEL;AGIR
972;MARCOS GUERRA;UNIÃO
973;MARCOS ANTONIO DE CARVALHO LUCAS;NOVO
974;MARCOS ANTONIO DE ARAUJO;PSDB
975;MARCOS ROBERTO DIAS DE OLIVEIRA;PRTB
976;MARCOS ANTONIO PALERMO;MDB
977;MARCOS ANDRÉ PAPA;PODE
978;MARCOS ANTONIO PEREIRA;REPUBLICANOS
979;MARCOS ESTEVÃO MARQUES SARAIVA;MDB
980;MARCUS VINICIUS DE ARAÚJO DANTAS;PODE
981;MARGARETE SÁ DOS REIS;PL
982;MARIANNE BORGES TAVELLI;SOLIDARIEDADE
983;MARIA DA PAIXÃO PEREIRA COSTA;PODE
984;MARIA ELI FERNANDES DOS SANTOS MANIÇOBA;PSOL
985;MARIA ELISANGELA DE ARAÚJO;PMN
986;MARIA GIOVANA LUCHIARI PISONI DUARTE FORTUNATO;PDT
987;MARIA JOAQUINA DOS SANTOS;PDT
988;MARIA JOSE DE SOUZA;PTB
989;MARIA JOSÉ CUNHA;PROS
990;MARIA LÚCIA BRESSANE CRUZ;AVANTE
991;MARIA DE JESUS LOPES MARTINS SILVA;PTB
992;MARIA DO PARTO MENDES ROSAS;REPUBLICANOS
993;MARIANA FRAGOSO WATANABE;PSTU
994;MARIANA CERGOLI JANEIRO;PT
995;MARIANA CRISTINA PONTES PAPAIZ;PROS
996;MARILZA DE FATIMA RUFINO;NOVO
997;MARINA CORREIA DA SILVA;PSDB
998;MARINA HELENA CUNHA PEREIRA SANTOS;NOVO
999;MARIA OSMARINA MARINA DA SILVA VAZ DE LIMA;REDE
1000;MÁRIO DE OLIVEIRA;SOLIDARIEDADE
1001;IDÁRITONIO MARINHO DE JESUS;PSB
1002;MÁRIO COVAS NETO;PODE
1003;MARIO DONIZETE D ANDREA;REDE
1004;MARIO LUIS FRIAS;PL
1005;MARIO JOSE DE SOUZA;AGIR
1006;MARISTELA MACHADO LEITE GOMES;DC
1007;MARKS RODRIGO PINTIJA;REDE
1008;MARLENE MARIA RAMOS;PATRIOTA
1009;MARLI GOMES DO CARMO;NOVO
1010;MARLON FARIAS DA LUZ;MDB
1011;MARSCHELO RODRIGO MARIN MECHE;PL
1012;MARTA DIAS FELIX;PDT
1013;MARTA MARIA FERREIRA ARAÚJO;AVANTE
1014;MARTA CRISTINA LUCHI DE LIMA;PROS
1015;MARTA DE SOUZA SOBRAL;PT
1016;MARTHA VANIA LOPES IWASAKI;PROS
1017;MARTINHO CARLOS COLPANI FILHO;PL
1018;MARIA CONCEIÇÃO FRANCO DELFINO;PMB
1019;VALDIR ANTONIO MASSUCATO;PATRIOTA
1020;MATEUS OLIVEIRA MORO;PT
1021;MATHEUS GARCIA MOREIRA;PROS
1022;MATHEUS DE OLIVEIRA PINTO;PL
1023;MAURICIO CHINAGLIA;SOLIDARIEDADE
1024;MAURICIO PEREIRA CARDOSO;DC
1025;MANOEL MAURICIO SILVA NEVES;PP
1026;MAURICIO RAPPA SANTOS;NOVO
1027;MAURREN HIGA MAGGI;REPUBLICANOS
1028;MAXWELL TEODORO MARIANEK ALVES;PCB
1029;MAXIMILIANO RODRIGUES;SOLIDARIEDADE
1030;MAYRA LARISSA COSTA MIRANDA;UNIÃO
1031;MARIO EDUARDO DE OLIVEIRA;DC
1032;DEJAIR DIAS DA SILVA;PDT
1033;MARCOS PARAÍSO DA SILVA;PRTB
1034;ADENILSON SILVA ALVES;MDB
1035;ALEXANDRE MANOEL LEME;UNIÃO
1036;MICHEL ARAUJO SILVA FIGUEREDO;PATRIOTA
1037;MICHELLI CASSIANA DA PAIXÃO;PP
1038;MIGUEL GOMES FERNANDES;PMN
1039;MIGUEL LOMBARDI;PL
1040;MILTON ANTONIO CASQUEL MONTI;PSD
1041;MILTON VIEIRA PINTO;REPUBLICANOS
1042;MIRANICE DOS SANTOS BARRETO;PROS
1043;VALDOMIRO SUTERIO;SOLIDARIEDADE
1044;MARIA MIRTES LOPES DA SILVA CAMELO;AGIR
1045;ELIMARA LOTERIO DA SILVA DIAS;PMN
1046;JOSÉ MAURO SOUZA DA SILVA;PMN
1047;JOSÉ OLIMPIO SILVEIRA MORAES;PL
1048;MOACIR RODRIGUES FERNANDES;AGIR
1049;JOARLEY MOISES ALVES DOS SANTOS;PTB
1050;MÔNICA GABRIELA BUAVA DE FREITAS;PV
1051;MONICA APARECIDA CALAZANS;PSDB
1052;MONICA FERREIRA BITENCOURT DE ALMEIDA;PSC
1053;MONICA ROSENBERG BRAIZAT;NOVO
1054;MÔNICA APARECIDA DA SILVA SONTINI;PSC
1055;MÔNICA DE OLIVEIRA LOURENÇO VELOSO;PDT
1056;MONIQUE FERNANDES MACHADO;DC
1057;JOSÉ MARIO YAMASHITA;PP
1058;SERGIO RICARDO RIBEIRO DE OLIVEIRA;PODE
1059;LUIZ CARLOS MOTTA;PL
1060;MUNIR WAHHAB;PTB
1061;RICARDO MURILO COGHI;UNIÃO
1062;LINDINALVA DO CARMO LIMA;PDT
1063;FERNANDO PINHEIRO;PL
1064;INES NANY RODRIGUES DA SILVA;UNIÃO
1065;GREICE NAOMI YAMAGUCHI;PROS
1066;NATÁLIA ROBERTA MASSI SOLERA;AVANTE
1067;NATANAEL RODRIGUES DE PAULA;AGIR
1068;ROSNAY LUCAS BERNARDES;PROS
1069;NAZARÉ BATISTA BRAGA;PSB
1070;NEFI ANTONIO CASTRO TALES;PTB
1071;ELISANGELA VIEIRA FERREIRA;PATRIOTA
1072;JACKSON HENRIQUE DE SOUZA;PATRIOTA
1073;SIVONEI DOS SANTOS CORREIA;PMN
1074;LUCINEIA FERREIRA SANTOS COSTA;PDT
1075;SIONEIA APARECIDA DE MELLO;AGIR
1076;LUSINEIDE NEVES BARRETO;UNIÃO
1077;NEMIAS DA SILVA MOREIRA;PMB
1078;OSWALDO MARQUES CERA FILHO;PP
1079;MARIA DAS GRAÇAS PATRÍCIO;PSC
1080;NERIA LUCIO BUZATTO;UNIÃO
1081;IRINEU APARECIDO ORTOLANI;PROS
1082;NEUSA ANTONIA PERINO;PROS
1083;NEZIO ANTONIO MONTEIRO FILHO;PROS
1084;NILSON BONOME;UNIÃO
1085;NILSON ULLRICH;PSC
1086;NILTO IGNÁCIO TATTO;PT
1087;NILZA MARIA DE JESUS NOGUEIRA;PROS
1088;ORLANDO MENGATTI FILHO;PSB
1089;NOILTON SILVESTRE RAMOS;PATRIOTA
1090;NORMA ELIZA HIROKO OTANI MORATO;AVANTE
1091;NORMANDO COSTA DE ANDRADE FILHO;PSB
1092;ADEMIR CREPALDI;PRTB
1093;WALTER JOSÉ DOS SANTOS;PSB
1094;ODECIO BRAGA DE LOUREDO FILHO;UNIÃO
1095;ODILIA EXPEDITA DE SOUSA;PSC
1096;ODILON VIANA DA SILVA;DC
1097;GONZAGA MENDES DE OLIVEIRA;AGIR
1098;ORLANDO GALATI;PTB
1099;ORLANDO JOSE LIMA MOREIRA;PSC
1100;ORLANDO SILVA DE JESUS JUNIOR;PC do B
1101;ORLANDO VITORIANO DE OLIVEIRA;PT
1102;OSMAR DELLA PASCHOA JUNIOR;PMB
1103;PABLO HENRIQUE COSTA MARÇAL;PROS
1104;JOSÉ AFONSO LOBATO;PODE
1105;AIRTON DOS SANTOS;PP
1106;JOSÉ ANTONIO FERNANDES PAIVA;SOLIDARIEDADE
1107;SEBASTIAO FARIAS PAIVA;PDT
1108;MARCELO ROBERTO PAOLILLO MARTINS;PROS
1109;PASCOAL SOUZA SILVA;PP
1110;ABRAÃO GONÇALVES;PRTB
1111;AMARO MACHADO SOARES NETO;PMN
1112;ANTÔNIO JOSÉ GERALDO;PSC
1113;JOAQUIM TOMAZ DOS SANTOS;PSC
1114;JOSE RIBEIRO DE MELO;PROS
1115;MARCEL DE JESUS GARCIA;MDB
1116;MARCELO CANDIDO LOPES SIMÕES;PSC
1117;MARCO ANTONIO FELICIANO;PL
1118;PAULO MARCIO LIMA DE OLIVEIRA;MDB
1119;PAULO MARCELO SCHALLENBERGER;SOLIDARIEDADE
1120;RICARDO LIMA BRAGA SANTISTEVAN;PODE
1121;RICARDO DA SILVA SAIBRO;UNIÃO
1122;ROBSON LIMA DE OLIVEIRA;PSC
1123;RONALDO RESENDE DA SILVA;AVANTE
1124;ANA SILVIA GOES DE SOUZA;PL
1125;MARIA APARECIDA DE SOUZA MARQUES;PMN
1126;DAGMAR PEREIRA DE SOUZA MOITINHO DE LIMA CRUZ;AGIR
1127;PATRICIA SANT'ANA BORGES;PL
1128;PATRÍCIA MARIA DA SILVA;PATRIOTA
1129;PATRÍCIA MORA D'AVILA;PMN
1130;PATRÍCIA SIMÕES VEDRANO;PV
1131;PATRICIA SILVA ZANELLA;REDE
1132;MARIA PAULA BARROS DE OLIVEIRA;DC
1133;PAULA FURTADO BRUM;PP
1134;ANA PAULA TOSIN;PSC
1135;PAULO APARECIDO SILVA CAYRES;PT
1136;ANA PAULA JOSÉ EMÍDIO DA SILVA;PSC
1137;PAULO PEREIRA DA SILVA;SOLIDARIEDADE
1138;PAULO SERGIO SOARES DA SILVA;UNIÃO
1139;PAULO EDUARDO BRAZILINO;NOVO
1140;PAULO ROBERTO AMARAL VIEIRA;PODE
1141;PAULO ROBERTO DE ABREU;PMN
1142;PAULO ALEXANDRE PEREIRA BARBOSA;PSDB
1143;PAULO ATAÍDE ARAÚJO DE SOUSA;PMN
1144;PAULO BEZERRA DE MELO;PCO
1145;PAULO ROBERTO DE CAMPOS;PODE
1146;PAULO CEZAR DA SILVA MOURA;AVANTE
1147;PAULO EDUARDO DE PAULA;AGIR
1148;PAULO ROBERTO FREIRE DA COSTA;PL
1149;PAULO GUILHERMINO DE ARAUJO;PMB
1150;PAULO FRANCISCO PERES LUCAS;PSC
1151;PAULO PROIETI;NOVO
1152;PAULO ROMEIRO DE ALMEIDA SOARES;PODE
1153;LUIZ PAULO TEIXEIRA FERREIRA;PT
1154;PEDRO MAURÍCIO PEREIRA;PDT
1155;PEDRO AUGUSTO LIA TEDDE;NOVO
1156;PEDRO TOURINHO DE SIQUEIRA;PT
1157;PEDRO TADEU BATISTA;PSD
1158;PEDRO LUIS VAZ DE LIMA MATTOS;NOVO
1159;JORGE LUIS LEPINSK;MDB
1160;JOSÉ ADILSON PEREIRA DOS SANTOS;PSC
1161;CLAUDIO PERESSIM;PATRIOTA
1162;JOSÉ RIBAMAR PIAUILINO DE SOUSA;PV
1163;DIENES PEREIRA DE SOUZA;PRTB
1164;PIERPAOLO PAGANO;REPUBLICANOS
1165;CRISTIANE IGNACIO ISIDORO BRAZ;PL
1166;EDJANE LIMA DE AZEVEDO;PROS
1167;KATIA DA SILVA SASTRE;PL
1168;RENATO ARAUJO DA CRUZ;SOLIDARIEDADE
1169;POLLYANA FATIMA GAMA SANTOS;CIDADANIA
1170;JOSE EDSON DE ARAUJO JUNIOR;PSC
1171;JOSÉ EDMILSON FERREIRA DOS SANTOS;AVANTE
1172;EMERSON APARECIDO DOS SANTOS;REPUBLICANOS
1173;NIVALDO DOS SANTOS;REPUBLICANOS
1174;PAULO PRADO LEITE;PSC
1175;CLAUDIA NERYS DE OLIVEIRA;PSC
1176;ROSENILDA APARECIDA DA SILVA CRUZ;PSB
1177;OSMAR BENEDITO PRIANTE;PTB
1178;DOUGLAS VIEIRA PRIMO;NOVO
1179;PRISCILA FERNANDES HOLANDA;PRTB
1180;PRISCILA SILVA SOUZA;PODE
1181;PRISCILLA ROBERTA GASPAR DE OLIVEIRA;PSC
1182;ANA LUIZA HATIKIAN NEGRAO PASSOS;NOVO
1183;MARIA CONCEIÇÃO DE OLIVEIRA SOUZA BARCELETE;AVANTE
1184;ODAIR JOSÉ DE JESUS;AVANTE
1185;FÁTIMA MAGALHÃES DE OLIVEIRA;AVANTE
1186;JACQUELINE MOREIRA DOS SANTOS ALMEIDA;AVANTE
1187;JOSÉ LUIZ SILVEIRA FILHO;PSC
1188;PAULA APARECIDA CARVALHO;PSOL
1189;RENATO BESCHIZZA VALENTIN;PCB
1190;RODNEY VICENTE DE SOUZA;MDB
1191;WAGNER BARBOSA;AVANTE
1192;WALTER VICIONI GONÇALVES;MDB
1193;REYNALDO CAMPANATTI PEREIRA;AGIR
1194;JANDIRA DE MENEZES CREPALDI;UNIÃO
1195;MARCO ANTONIO VILLA;CIDADANIA
1196;PAULO RAMOS BORGES PINTO VIOLARO;NOVO
1197;JOSE DOMINGOS RIZZO;SOLIDARIEDADE
1198;ROMULO APARECIDO SENNA DE SOUZA;AGIR
1199;SANDERSON RIBEIRO CORREIA DE LIMA;PRTB
1200;LUCIANE SANDRA CAMBUIM;AGIR
1201;ADELINO FRANCISCO DE OLIVEIRA;PT
1202;JOSE ANDRE FERNANDES;NOVO
1203;ARMANDO BEGA;PL
1204;CLEITON FREITAS DE ARAUJO;PSB
1205;DEIVERSON DIEGO AMARANTE;PROS
1206;DOUGLAS MARTINS IZZO;PT
1207;EDEVALDO DONIZETTI DE CAMPOS;REDE
1208;FERNANDO ANTONIO MARCELO;SOLIDARIEDADE
1209;HENI OZI CUKIER;PODE
1210;JEFFERSON RIPI DA SILVA;PROS
1211;JUVENAL DE AGUIAR PENTEADO NETO;PT
1212;LEONARDO ALEX DOS SANTOS;PP
1213;LUCIANO DA SILVA;PODE
1214;LUZIMAR RODRIGUES DA SILVA;PSB
1215;MARCOS APARECIDO VARGAS;PP
1216;OSVALDO MACEDO NEGRÃO;PTB
1217;REINALDO FRANCO DE SOUZA;PT
1218;RICARDO URIZZI CARVALHO;PSOL
1219;ROBERTO DE PAULA SOUZA;AGIR
1220;RONAN ALOISIO GOULART;SOLIDARIEDADE
1221;SILVIO NIVALDO;AVANTE
1222;TIAGO DOS SANTOS LIRA;PATRIOTA
1223;ANA ALICE FERNANDES DE ALMEIDA;PODE
1224;ELIANA BERTA FERNANDES CORRAL;PL
1225;CATIA NUNES DE ABREU;PL
1226;DAISE MARIA PEREIRA SILVA;PTB
1227;GABRIELA GUERRERO ARIONE;PSTU
1228;KÁTIA SILVA DE OLIVEIRA;PT
1229;EDILAINE DANIEL CARVALHO;SOLIDARIEDADE
1230;MARIA CÉLIA RODRIGUES PACHECO;PODE
1231;NOEMI MACHADO DE ALMEIDA;PROS
1232;PAULA DANIELA DE JESUS;PATRIOTA
1233;MARIA RACHEL OLIVEIRA BONFIM;PROS
1234;SUELY APARECIDA ANTONIO;MDB
1235;TEREZINHA MARIA DOS SANTOS;PSB
1236;VERA LUCIA GOMES FERREIRA PALMEZANO;PSDB
1237;MARCOS ANTONIO LELIS MOREIRA;AVANTE
1238;RAFAEL ANGELO ABUD;PATRIOTA
1239;RAFAEL DOS ANJOS SILVA;NOVO
1240;RAFAEL CARLOS LABIAPARI GOMES;PATRIOTA
1241;RAFAEL ANTONIO DE SOUZA;PDT
1242;RAFAEL ALMEIDA PRADO VALENTIM;PTB
1243;RAIMUNDO NONATO PEREIRA DOS SANTOS;PRTB
1244;RALF SANTOS NAURE;PV
1245;RAMIRO ALVES DA ROCHA CRUZ JUNIOR;PL
1246;SEVERINO DOS RAMOS SANTOS SILVA;AGIR
1247;RAQUEL VIEIRA DOS SANTOS;UNIÃO
1248;RAUL CAMPOS NASCIMENTO;PSOL
1249;REBECA GADI TEIXEIRA DA SILVA;REPUBLICANOS
1250;MARIA REGINA LEME PRADO;PSDB
1251;MARIA REGINA MENDES FERREIRA;PDT
1252;MARIA REGINA GONÇALVES;PV
1253;REGINA APARECIDA DOS SANTOS SILVA;PROS
1254;REGINALDO ARAUJO SENA;SOLIDARIEDADE
1255;REINALDO DE SOUZA ALGUZ;UNIÃO
1256;REINALDO MONTEIRO DA SILVA;UNIÃO
1257;REINALDO GUIMARÃES MOTA;PATRIOTA
1258;REINALDO ADRIANO DO CARMO;PMN
1259;RENAN ELIAS GODINHO;PODE
1260;RENATA HELLMEISTER DE ABREU MELO;PODE
1261;RENATA BANHARA PEIXOTO MARCONDES;REPUBLICANOS
1262;RENATA ODETTE DE MELLO;PODE
1263;RENATA CARVALHO RIBEIRO GIMENEZ;PRTB
1264;RENATA SIMONETTI ALVES MARCHETTI;REPUBLICANOS
1265;RENATO RAMOS DE SOUZA;PSB
1266;RENATO BENEDUCI ASSAD;PSTU
1267;RENATO MOTTA BICUDO GUIMARÃES E SILVA;NOVO
1268;RENATO DISSEI;PP
1269;RENATO CARVALHO DONATO;PSB
1270;RENATO TADEU DE OLIVEIRA PAIVA;PSD
1271;RENATO TAMAIO DE SOUZA;PTB
1272;RENATO TAROCO;REPUBLICANOS
1273;RENE ROSA;AGIR
1274;JOSÉ ANTONIO DE GÓES FILHO;PATRIOTA
1275;RIBAMAR ANTONIO DA SILVA;PSD
1276;RICARDO PEREIRA DO CARMO;PROS
1277;RICARDO DE DEUS ANDRADE;AGIR
1278;RICARDO DUREGGER;PROS
1279;RICARDO FASSIO CAVALCANTE CUNHA;AGIR
1280;RICARDO MAGNUS OSÓRIO GALVÃO;REDE
1281;RICARDO HOLZ VIDAL DOS SANTOS;PODE
1282;RICARDO IZAR JUNIOR;REPUBLICANOS
1283;RICARDO KANAAN MARIANO DE ALMEIDA;MDB
1284;RICARDO BRUNO MELENCHON;PV
1285;RICARDO JORGE MUTRAN;PP
1286;RICARDO DE CAMPOS RAMOS;NOVO
1287;RICARDO DE AQUINO SALLES;PL
1288;RICARDO AUGUSTO MACHADO DA SILVA;PSD
1289;JOSÉ RICARDO ALVARENGA TRIPOLI;PSDB
1290;RICARDO GUILGER DE LIMA;PMB
1291;RICHARD PORTO DE ROSA;PSDB
1292;RITA DE CASSIA BORGES DOS SANTOS GUEDES;PL
1293;RITA DE CASSIA TRINCA PASSOS;REPUBLICANOS
1294;RIVALDO DOS SANTOS SILVA;PCO
1295;RIVANDA OLIVEIRA RIELI;PSB
1296;ROSÂNGELA MARIA RIZZOLO CAMOLESE;PSDB
1297;ROSANGELA CARDOSO;PMB
1298;ROBERTA CRISTINA RONCADA GASPAR;PTB
1299;ROBERTA KELLY SILVA FLORENCIO;DC
1300;ROBERTO MOREIRA DE SOUZA;CIDADANIA
1301;BENEDITO ROBERTO ALVES FERREIRA;REPUBLICANOS
1302;EUCLIDES ROBERTO FERREIRA;PODE
1303;JOÃO ROBERTO TRINDADE;PRTB
1304;ROBERTO ALVES DE LUCENA;REPUBLICANOS
1305;ROBERTO PIRES;REPUBLICANOS
1306;ROBERTO RUFCA DE OLIVEIRA;MDB
1307;ROBSON DE LIMA;AGIR
1308;ROBSON INACIO GOMES;AGIR
1309;ROBSON JOSE DOS SANTOS;SOLIDARIEDADE
1310;ROBSON SILVÉRIO DA SILVA;PSOL
1311;JOSÉ EDINALDO DE OLIVEIRA;PATRIOTA
1312;RODOLFO FRANCISCO DE SOUZA;PSC
1313;ADEMIR RODRIGO DA LUZ;AGIR
1314;RODRIGO ANTONIO DE AGOSTINHO MENDONÇA;PSB
1315;RODRIGO PIERNAS ANDOLFATO;PTB
1316;RODRIGO ALMEIDA PASSOS;PSB
1317;RODRIGO GAMBALE VIEIRA;PODE
1318;RODRIGO ANDRADE BENUZZI DA LUZ;NOVO
1319;RODRIGO ADRIANO DA SILVA;UNIÃO
1320;RODRIGUES MARQUES DE FIGUEIREDO;PSC
1321;RODRIGO TAVANO;NOVO
1322;RODRIGO TAVARES DA SILVA;PRTB
1323;AIRTON RODRIGUES DE OLIVEIRA;PMN
1324;ROGE BAUDICHON;PP
1325;ROGERIA MARIA DE FREITAS;PP
1326;ROGÉRIO DOS SANTOS GOMES;PRTB
1327;ROGERIO XAVIER FRANÇA;PSC
1328;ROGÉRIO COELHO GRAFT;PATRIOTA
1329;ROGÉRIO DE JESUS PAES;AVANTE
1330;ROGERIO STRACIALANO PARADA;PRTB
1331;ROGÉRIO BATTISTETTI MARTINS RODRIGUES;AVANTE
1332;JOÃO ROGÉRIO RODRIGUES VICARI;PSDB
1333;ROMÉRIO MOURA DA FONSECA;PROS
1334;ROMÁRIO SANTOS ALVES;PMN
1335;RONALDO PEREIRA COSTA;PATRIOTA
1336;RONEY CARLOS CARDOSO;AVANTE
1337;ROSA ALVES CARDOSO;PODE
1338;ROSALINA SONIA DOS SANTOS;PL
1339;MARIA ROSA GUSMÃO RODRIGUES;PATRIOTA
1340;ROSANA DE OLIVEIRA VALLE;PL
1341;ROSANGELA MARIA WOLFF DE QUADROS MORO;UNIÃO
1342;ROSÂNGELA SILVA DOS SANTOS;PT
1343;ROSANGELA DA SILVA BATISTA;AVANTE
1344;ROSELI DE PAULA SILVA DE SOUZA;AVANTE
1345;ROSEMEIRE MARQUES RIBEIRO ARCHANGELO;PSOL
1346;ROSEMEIRE SANTIAGO;PRTB
1347;ROSEMEIRE MARTINS DE CARVALHO;PTB
1348;ROSSIELI SOARES DA SILVA;PSDB
1349;WAGNER RUBINELLI;PSB
1350;RUBENS DE ALMEIDA;AVANTE
1351;RUBENS ALBERTO GATTI NUNES;UNIÃO
1352;RUI GOETHE DA COSTA FALCÃO;PT
1353;SILVINO ROQUE NETO;PMN
1354;RUTE APARECIDA LEITE RIPARI;PDT
1355;EDUARDO DADE SALLUM;PT
1356;SALOMÃO PEREIRA DA SILVA;PL
1357;SÂMIA DE SOUZA BOMFIM;PSOL
1358;SAMUEL DE OLIVEIRA BARBOSA;PP
1359;SAMUEL MOREIRA DA SILVA JUNIOR;PSDB
1360;EDUARDO SANASSAR FONSECA;UNIÃO
1361;SANDRA CAMARINHO DE MACEDO;NOVO
1362;SANDRA APARECIDA MADEU IDA;PT
1363;SANDRA CRISTINA DOS SANTOS SOARES;PSB
1364;ALEXSANDRE SANTOS RAMOS;SOLIDARIEDADE
1365;ALEXSSANDRO BUSSOLA;PSDB
1366;ALESSANDRO SOUSA DA SILVA;PROS
1367;SANDRO FERREIRA DE SOUZA;PMN
1368;RAFAEL PACHECO ALQUEZAR;PSOL
1369;SARA JANE RONCOLATO ZANETTI;REDE
1370;FRANCISCO ALEXANDRE FILHO;PODE
1371;LUIS ANTONIO DE LIMA CLEMENTE;UNIÃO
1372;LUIZ EDUARDO DAMASCENO;PRTB
1373;ELAINE CRISTINA DO NASCIMENTO;REPUBLICANOS
1374;FÁBIO AUGUSTO PESCINELLI;PROS
1375;EDSON FAGUNDES DE OLIVEIRA;PMB
1376;ISRAEL NANTES SANTOS;PP
1377;NELIO FERNANDO DOS REIS;PTB
1378;JOÃO BATISTA DE OLIVEIRA;PSDB
1379;RICARDO DA CRUZ FERNANDES;PL
1380;PAULO ROBERTO ROSENO JUNIOR;PRTB
1381;ANDERSON ALVES SIMÕES;AVANTE
1382;WASHINGTON LUIZ BEZERRA DA SILVA;PRTB
1383;SAULO GOES DE ALBUQUERQUE;AGIR
1384;SAULO PEDROSO DE SOUZA;PSD
1385;SELMA RODRIGUES DANTAS MUNHOZ;PTB
1386;SELMA SANTOS GAMA MARTINS;PROS
1387;ROBERTO SELMER JÚNIOR;DC
1388;SERGIO ROBERTO RIBEIRO DOS SANTOS;PSB
1389;SERGIO NASCIMENTO DE CAMARGO;PL
1390;SERGIO KHODOR CURY;PATRIOTA
1391;SÉRGIO DA SILVA GRILLO;REDE
1392;SÉRGIO AUGUSTO SILVA;PATRIOTA
1393;SEVERINO FRANCISCO DA COSTA;PSB
1394;SIDNEY JOTA CARNEIRO;PRTB
1395;SIDNEY LUIZ DA CRUZ;SOLIDARIEDADE
1396;SIDNEY CARVALHO ELIAS;NOVO
1397;SILVANA MENK PINTO;PTB
1398;SILAS ALVES FEITOSA;PRTB
1399;SILÉA BENEDETTI DE MACEDO PEDROSO;SOLIDARIEDADE
1400;SILVANA MENDES MUSQUEIRA;PSC
1401;SILVIA MIRANDA NAGATA;PODE
1402;SILVIA SAMPAIO SALES SANTOS;PSDB
1403;MARIA JOSE DA SILVA;PSC
1404;SILVIO EDUARDO CONEGLIAM PECCIOLI;PSD
1405;SILVIO FELIX DA SILVA;UNIÃO
1406;SILVIO ROBERTO SEIXAS REGO;PTB
1407;SIMONE LOPES BETINI;PP
1408;SIMONE APARECIDA CURRALADAS DOS SANTOS;MDB
1409;SIMONE CRISTINA SOUZA;PCO
1410;SIMONY CRISTINA TEIXEIRA DOS ANJOS;PSOL
1411;APARECIDO RODRIGUES DE SIQUEIRA;PRTB
1412;SIRLEI SIKORSKI;REPUBLICANOS
1413;SOLANGE DE SOUZA;PMN
1414;SOLANGE DE CÁSSIA MORAES;PP
1415;SOLANGE ELIZABETH DOS SANTOS DORTA;PDT
1416;SOLANGE APARECIDA FERREIRA DOS SANTOS;AGIR
1417;JOSÉ AUGUSTO FERREIRA;DC
1418;MARCELO HENRIQUE SILVA;SOLIDARIEDADE
1419;SONIA MARIA DELFINO;PSDB
1420;SÔNIA BONE DE SOUSA SILVA SANTOS;PSOL
1421;SONIA MARIA GUERREIRO PAZINI;PTB
1422;SÔNIA MELHADO DE MORAIS;AGIR
1423;SONILDA SOARES CONSTANTINO DE OLIVEIRA;PMN
1424;STELA MARIA ATANÁZIO;DC
1425;STEVEN SANTOS DE LIMA;PMB
1426;PATRICIA SIQUEIRA NERI;PATRIOTA
1427;SUELEN DE SOUZA LAZARINI;NOVO
1428;SUELI ALVES;PSOL
1429;SUELI DOS SANTOS SILVA BARBOSA;AGIR
1430;SUSANA LAMBERT DE BRITO SILVA;PSD
1431;SUSANNA DO VAL MOORE;PSD
1432;SUZANA PIROZI ADERNE;PMN
1433;SUZECLEA SOUZA SANTOS;PRTB
1434;SYLVIO MALHEIRO JUNIOR;PTB
1435;SYLVIO MACEDO SOARES JUNIOR;PMN
1436;SYMMY LARRAT BRITO DE CARVALHO;PT
1437;TABATA CLAUDIA AMARAL DE PONTES;PSB
1438;ELIAS TADEU NOGUEIRA DE OLIVEIRA;PMB
1439;TAINÁ GUIMARÃES MIRANDA;PRTB
1440;TAIS ANTEZANA PACHECO;NOVO
1441;TAKAHARU YAMAUCHI;MDB
1442;TALMA CRISTINA NONAKA;PSD
1443;TAMIRES GOMES SAMPAIO;PT
1444;TANDARA ALVES CAIXETA;MDB
1445;TANIA CRISTINA MARTINS SILVA;SOLIDARIEDADE
1446;CARLOS TARCISIO PAULO;PDT
1447;ELISANGELA RODRIGUES DA SILVA;PMN
1448;TATIANE SOARES DA SILVA;PMB
1449;TATIANA LIMA SCHIMIGUEL;SOLIDARIEDADE
1450;ANA MARIA DE GOUVÊA;PSB
1451;DOMINGOS LUCIO FLEMING GALILEU DE VASCONCELOS;REPUBLICANOS
1452;TELMA GIMENEZ LOUREIRO;PDT
1453;LUIZ DE ALBUQUERQUE FERREIRA;PATRIOTA
1454;MOSART ARAGÃO PEREIRA;PL
1455;JOSE CICERO DE OLIVEIRA;AGIR
1456;PAULO SUSSUMU KOBAYASHI;PTB
1457;MARIA TERESA SELBACH EYMAEL;DC
1458;ESTHEFANIA ROBERTA DE OLIVEIRA;PSOL
1459;THAIS ALBERTINA DA CRUZ;PRTB
1460;THAIS RABELLO SILVA;PSTU
1461;THAISE DIAS LIMA DE SOUZA;PROS
1462;THALIA SILVA DE FARIA;PP
1463;RAUL THAME DE TOLEDO ALMEIDA;PV
1464;BRAZ HENRIQUE TELES;REDE
1465;THEREZA CHRISTINA FARIA LIMA;PATRIOTA
1466;THIAGO DOS REIS PEREIRA DOS SANTOS;PT
1467;THIAGO HENRIQUE DA SILVA DORIGAN;PSC
1468;THIAGO IMBERNOM;NOVO
1469;THIAGO JOSÉ ISOLA;AVANTE
1470;THIAGO BONFIM DE OLIVEIRA;NOVO
1471;THIAGO DE AZEVEDO LOPES FONSECA;PSD
1472;CATARINA SANTOS BRIOZO;PP
1473;RAQUEL BARBOSA DOS SANTOS;PSDB
1474;TIAGO RAMOS DE CAMPOS;PP
1475;TIAGO SOUZA GUEDES;PRTB
1476;TIAGO PIRES;PCO
1477;JOSE SEBASTIÃO LEANDRO DOS SANTOS;PMN
1478;ANA CRISTINA ELIAS LOURENÇO;UNIÃO
1479;VALTER SANTIAGO;PSC
1480;FRANCISCO EVERARDO TIRIRICA OLIVEIRA SILVA;PL
1481;ANTONIO DONIZETE LIMA DE ALENCAR;PROS
1482;ANTONIO CARLOS TONINI;AGIR
1483;ANTONIO PEREIRA DOS SANTOS;PP
1484;TONY VINICIUS DE OLIVEIRA;NOVO
1485;ANTONIO CARLOS DE SOUZA SANTANA;PP
1486;ULISSES HENRIQUE MATIAS COSTA;PATRIOTA
1487;URIÃ FANCELLI BAUMGARTNER;PODE
1488;CÃNDIDO ELPÍDIO DE SOUZA VACCAREZZA;AVANTE
1489;VAGNER BERTI;PTB
1490;VAGNER JOSE DOS SANTOS;REPUBLICANOS
1491;VALDETE GOMES DUTRA PEREIRA;PODE
1492;VALDECI ANTONIO DE PROENÇA;PODE
1493;VALDINEI MARCELINO LIMA;PSD
1494;PAULO JORGE VALENTIM;AVANTE
1495;VALÉRIA MEIRELLES MONTEIRO;PSD
1496;VALTER FRANCISCO BRITO;PROS
1497;VALTER ALCANTARA ROSSI;PMB
1498;VANDERCI EDUARDO PEREIRA;PSC
1499;VANDERLEI MACRIS;PSDB
1500;VANESSA ARAUJO;PDT
1501;VANESSSA FERREIRA MARCELO LAURINDO;PSB
1502;VANESSA FERREIRA GOMES;PL
1503;VANIA DA PAIXÃO LANA ONWUDIWE;REPUBLICANOS
1504;VÂNIA REGINA RIBEIRO;PROS
1505;LUIZ ANTÔNIO VASSOLER;PSC
1506;VALDEMAR SILVA;PTB
1507;EMERSON VIRGILIO VENANCIO;AGIR
1508;ALEXANDRE GLUSKOSKI VENEGAS;PSDB
1509;DIUMIRA CARDOSO DE LIMA;PODE
1510;VERA LÚCIA SANTOS DE FRANÇA;AGIR
1511;VERA LUCIA SERVONE PINTO;PTB
1512;CESAR FERREIRA LONGARES;DC
1513;WILSON GRASSI JÚNIOR;PV
1514;VICENTE PAULO DA SILVA;PT
1515;VILMA MARQUES RIBEIRO;PRTB
1516;VINICIUS RAPOZO DE CARVALHO;REPUBLICANOS
1517;VINICIUS MANGABEIRA CARINI;NOVO
1518;VINICIUS MARCHESE MARINELLI;PSD
1519;VINICIUS SAUDINO DE MORAES;PSD
1520;VERGINIA ALVES PEREIRA;PMB
1521;VITOR LIPPI;PSDB
1522;VITOR NARESSI NETTO;UNIÃO
1523;ELISA VITÓRIA OLIVEIRA CABARITI;DC
1524;VIVIANE SOARES DE OLIVEIRA ALVES;UNIÃO
1525;VIVIANE BERGAMO MORGERO;PTB
1526;VIVIANE RODRIGUES DA SILVA AUGUSTO;AGIR
1527;VLADIMIR FRANCISCHINELLI ARRUDA LEITE;NOVO
1528;VLADIMIR PINHEIRO SAFATLE;PSOL
1529;WAGNER OCIMAR BALIEIRO;PT
1530;WAGNER PEREIRA DA SILVA;PRTB
1531;WALDEMIR APARECIDO SOARES JUNIOR;PSTU
1532;WALTECY ALVES DOS SANTOS;PSOL
1533;WALTER DE BARROS;AVANTE
1534;WALTER FERNANDES DA SILVA;NOVO
1535;WALTER SHINDI IIHOSHI;PSD
1536;WALTER JOSÉ DA SILVA;PODE
1537;WANESSA SOUSA BOMFIM;PODE
1538;WASHINGTON DA SILVA SANTOS;PSC
1539;WELDER DOUGLAS DA SILVA;PTB
1540;WELLER PEREIRA GONÇALVES;PSTU
1541;WESLEY CASA FORTE MARIANO;PSB
1542;WESLEY LEONARDO CEZAR;PDT
1543;WESLEY RENATO DE OLIVEIRA SOUZA;PL
1544;WILLIAM GABRIEL CALLEGARO;PSB
1545;WILLIAM SILVA DAS MERCES;PSB
1546;WILSON KEIITI HAYASHIDA;PRTB
1547;WILSON CALDEIRA PAIVA;PDT
1548;WILSON JOÃO DA TRINDADE;PROS
1549;AMÉRICO ALEXANDRE CIANFARANI XAVIER;PDT
1550;NELSON XIMENES JUNIOR;PSB
1551;YAN LOPES DE ALMEIDA;PSC
1552;YARA DE SOUZA LIMA;PMN
1553;JOSE WANDERLEY DE ANDRADE;PODE
1554;JOSÉ ROBERTO CAMARGO;PRTB
1555;JOSÉ PAULO DE MENDONÇA LEMOS;AGIR
1556;JOSÉ AZEVEDO PIRES;PRTB
1557;JOSE SILVA MIGUEL JUNIOR;AVANTE
1558;JOSÉ ADÃO DA COSTA;UNIÃO
1559;JOSE PAULINO DE SOUZA JUNIOR;SOLIDARIEDADE
1560;JOSE GERALDO DE CARVALHO;AGIR
1561;MARIA JOSÉ DOS SANTOS CHAVES;PSB
1562;REGINALDO CAMILO DOS SANTOS;PT
1563;JOSÉ BARBOSA DA SILVA;PP
1564;WILLIAM DE SOUZA SILVA;AVANTE
1565;RUZINON SILVA;PATRIOTA
1566;ZULEICA MADALENA SANTORO;PODE
