cpf;nome;Sigla
1600;ABDULBASET JAROUR;PSB
1601;ABELARDO WANDERLINO DA COSTA NETO;REPUBLICANOS
1602;ABIDAN HENRIQUE DA SILVA;PSB
1603;ABNER DELUQUI ISIDORO;REPUBLICANOS
1604;VITOR ABOU ANNI;UNIÃO
1605;ADA HENRIQUE XAVIER;PTB
1606;ADALBERTO GODOY FREITAS;PSDB
1607;JOSE CARLOS ADAO;PSD
1608;ADÃO DA SILVA;PROS
1609;ADENILDES ALVES ROCHA;SOLIDARIEDADE
1610;ADÉLIA OLIVEIRA DE FARIAS;PT
1611;ADELMACIR DE SOUZA;PMB
1612;ADENILSON PEREIRA DE AMORIM;UNIÃO
1613;ADENILTON FERREIRA DA SILVA;SOLIDARIEDADE
1614;ADILSON DOS SANTOS;PSTU
1615;ADILSON DE SOUZA ROCHA;SOLIDARIEDADE
1616;ADMILSON DE SOUZA;UNIÃO
1617;ADONAI DOS SANTOS SOARES JÚNIOR;AVANTE
1618;ADRIANA SANTOS BARRENHA;AGIR
1619;ADRIANA SANCHES GALDEANO BORGO;AGIR
1620;ADRIANA COELHO DE OLIVEIRA;PMN
1621;ADRIANA APARECIDA FELIX;PP
1622;ADRIANA SCANAVEZ DOS SANTOS;PSOL
1623;ADRIANA GLEDYS ZINK;PSDB
1624;ADRIANA GOMES;PDT
1625;ANDROMEDES BARBOSA OKABE;PL
1626;ADRIANA NOGUEIRA DO PRADO;PATRIOTA
1627;ADRIANA RANGEL RIBEIRO;PMB
1628;ADRIANA SOUZA DOS SANTOS PEREIRA;AVANTE
1629;ADRIANO BEDORE;PSDB
1630;ADRIANO DE BARROS CARUSO;PTB
1631;FRANCISCO ADRIANO MACENA DE ALMEIDA;PRTB
1632;EWERTON DA SILVA CARVALHO;PC do B
1633;AFONSO MARIA SILVA SALES;PTB
1634;DANILO MASCARENHAS DE BALAS;PL
1635;LUIZ FERNANDO PIVA CRUZ;PSD
1636;SÉRGIO DONIZETE FERREIRA;PODE
1637;ANTONIO AGNALDO DOS SANTOS;PROS
1638;JOSÉ AGRIPINO DA SILVA;MDB
1639;AILDO RODRIGUES FERREIRA;REPUBLICANOS
1640;AILTON AMARAL DOS SANTOS;PSOL
1641;AIRTON DA COSTA LOURENÇO;PDT
1642;ÁKILA SEVERO DE AZEVEDO;PROS
1643;ALAINE SILVA SOUZA SANTOS;PATRIOTA
1644;JOSE ALAOR FERNANDES ROSSI;PATRIOTA
1645;ALBERTO DE HOLLANDA HADDAD;PP
1646;ALBERTO SABINO DE OLIVEIRA;PP
1647;ANTONIO CARLOS ALBINO;PL
1648;VALDIR SOARES DE ALBUQUERQUE;SOLIDARIEDADE
1649;JOSE ALDO DEMARCHI;UNIÃO
1650;ALDO ALMEIDA;AGIR
1651;ALEXSANDRA OLIVEIRA BEZERRA;PDT
1652;ALEXANDRE EUGENIO BATISTA;PROS
1653;ALESSANDRA VECCHIO SOBRINHO;PMN
1654;ALEXANDRE GONÇALVES DEMETRIO ZAHRA;PTB
1655;GETULIO ALEGRE DOS SANTOS;PATRIOTA
1656;CARLOS ALBERTO MARCOS;PT
1657;JOSE CANDIDO DA SILVA;DC
1658;EDEMIR DE MELO;UNIÃO
1659;ALENATO MARTINS VIDAL;AGIR
1660;ALESSANDRA ABE;PMB
1661;ALESSANDRA CRISTIANE SOARES GARCIA ALGARIN;PODE
1662;ALESSANDRA VIEIRA DE CAMARGO TELES;PSDB
1663;ALESSANDRA ALMEIDA PEREIRA;PL
1664;ALESSANDRA JULIO PAES;SOLIDARIEDADE
1665;ALESSANDRA BELLUCCI;REPUBLICANOS
1666;ALESSANDRO CÉZAR ARAÚJO AZEVEDO;PT
1667;ALESSANDRO FAUSTINO MARTINS;PDT
1668;ALEUSON ROSA DA SILVA;PRTB
1669;ALEXSANDER MELO BUENO;PDT
1670;ALEX CANUTO DE SÁ CUNHA;PROS
1671;ALEXANDER MUNIZ DE OLIVEIRA;PL
1672;ALEX SANDRO BENTO FERNANDES;PATRIOTA
1673;ALEX FABIANO COSTA GARCIA;AGIR
1674;ALEX SANDRO GOMES;PT
1675;ALEXANDRO DE ARAÚJO;PSD
1676;ALEXANDRA DE ABREU;NOVO
1677;ALEXANDRE CABRAL DE OLIVEIRA;DC
1678;ALEXANDRE DE OLIVEIRA;MDB
1679;ALEXANDRE HARTMANN;DC
1680;ALEXANDRE RIBEIRO MUSTAFA;PSDB
1681;ALEXANDRE PEREIRA DA SILVA;SOLIDARIEDADE
1682;ALEXANDRE SÓCRATES NAVISKAS;PSB
1683;ALEXANDRE SIMÕES PIMENTEL;PSB
1684;ALEXSANDRA BEZERRA LEITE DA SILVA;PSC
1685;ALEXYA LUCAS EVANGELISTA SALVADOR;PT
1686;ALINE FELIPE SOARES CARVALHO;AVANTE
1687;ALINE CATARINE GONDIM;PSOL
1688;ALINE CARBALLO TEIXEIRA;UNIÃO
1689;ALLI AHMAD MAJDOUB;MDB
1690;ALLINSON PAULO NUNES;PSC
1691;ALLINY FERNANDA SARTORI PADALINO ROGÉRIO;MDB
1692;ALTAIR MORAES DE OLIVEIRA;REPUBLICANOS
1693;AMANDA OLIVEIRA BISPO;UP
1694;AMANDA LIMA DIAS;PROS
1695;AMANDA CAETANO MARCHESONI;PMB
1696;AMANDA VETTORAZZO CARNEIRO;UNIÃO
1697;AMARINILDA JOSÉ CUSTÓDIO;PROS
1698;ANA PAULA CARVALHO BEATHALTER;PATRIOTA
1699;ANA CAROLINA ROSSI BARRETO SERRA;CIDADANIA
1700;ANA CLAUDIA SEVERINO RIVERA;AGIR
1701;ANA IMACULADA VALERIO;SOLIDARIEDADE
1702;ANA PAULA MELO PETILO;PMB
1703;ANA CLAUDIA SILVA MIELKE;PSOL
1704;ANA ANGELA PALERMO;PRTB
1705;ANA PAULA MAGALHÃES DA SILVA PETILI;NOVO
1706;ANA PAULA ROSSI DE ALMEIDA MAGDESIAN;PL
1707;ANA LUCIA LIPPAUS PERUGINI;PT
1708;ANA KEYLA SILVA SANTIAGO;PSDB
1709;ANA CRISTINA VARGAS CALDEIRA;PL
1710;JOSEFA ANADETE DOS SANTOS SILVA;MDB
1711;ANALICE FERNANDES;PSDB
1712;ANDERSON DOS SANTOS;PP
1713;ANDERSON DOS SANTOS MARTINS DE SOUZA;PODE
1714;ANDERSON MARTINS SALGADO;SOLIDARIEDADE
1715;ANDRÉ NALEPA ABBUD;NOVO
1716;ANDRÉ LUIZ BARBEZANI;MDB
1717;ANDRE LUIS ANCHÃO BRAGA;PSDB
1718;ANDRÉ LUIZ DA SILVA;MDB
1719;ANDRÉ LUIZ PREVIATO KODJAOGLANIAN;PSD
1720;ANDRE LUIS DO PRADO;PL
1721;ANDRE MARTINS MACHADO;PODE
1722;ANDRÉ LUIZ GALHARDO JOÃO;PATRIOTA
1723;ANDRÉ LUIZ NAVARRO GARCIA MANZANO;NOVO
1724;ANDRE PEREIRA DE MEDEIROS;PSD
1725;ANDRE CRISTHIANO CAYRES RIBEIRO;UNIÃO
1726;ANDRÉA DE PAULA SANTOS;MDB
1727;ANDRÉA DAS NEVES NERI DE SANTANA;PSB
1728;ANDREA SEIXAS;PATRIOTA
1729;ANDRÉA WERNER SILVA BONOLI;PSB
1730;ANDREIA TASSIANE ANTONACCI;AGIR
1731;ANDREIA PEREIRA FERRAZ;PATRIOTA
1732;ANDREIA MARQUETE PASSOS;SOLIDARIEDADE
1733;ERICH DE ANDRES;PMN
1734;ANDRESSA MAZZEI SIGNORETTI DA SILVA;PRTB
1735;ANDREY PEDRO PEREIRA DE ALMEIDA;PMN
1736;JOSANGELA SILVEIRA MELO;AVANTE
1737;ANGELA OROSCO DE MELO;MDB
1738;ANGÉLICA CRISTINA FASSINA HADI;AVANTE
1739;ANGÉLICA DIAS DA SILVA;PMN
1740;ANGELINA DIAS DA SILVA;PCO
1741;ANGELO ANTONIO BUCIOLOTI;PSC
1742;ANGELO MARCIO DE JESUS SILVA;PMB
1743;ANILTON HERCULINO DOS SANTOS;PROS
1744;ANA CRISTINA ALVES;PSDB
1745;ANNE VITORIA DIAS MOTA;PROS
1746;ANTÔNIO CARLOS DA SILVA;REPUBLICANOS
1747;ANTONIO DA SILVA E SOUZA;PTB
1748;ANTÔNIO ROCHA DOS SANTOS;DC
1749;MARIA APARECIDA DE JESUS;PP
1750;ROGERIO MOURA TOMAZ;REPUBLICANOS
1751;HILDON DE OLIVEIRA ROCHA;MDB
1752;ARIELY PEDROSO SILVA PRETER;PSC
1753;ARLETE TAVARES DOS SANTOS BARBOSA;PODE
1754;ARLINDO AMARO DOS SANTOS;PODE
1755;ARLINDO MARIANO DE ARAUJO FILHO;MDB
1756;ARLINDO DE OLIVEIRA CAMARGO;PROS
1757;ARNALDO JOSE MARÍA CANCELA;PP
1758;ARNALDO REISDECOPA NASCIMENTO;PDT
1759;DAVID GONÇALVES MOREIRA;PP
1760;ARTUR CASSEB ORSI;PSD
1761;ATAIDE ROBERTO DA SILVA JUNIOR;PDT
1762;ATAIDE TERUEL PEREZ;PODE
1763;ÁTILA CESAR MONTEIRO JACOMUSSI;SOLIDARIEDADE
1764;AUDREY ANA MARCONDES GOGLIANO;PTB
1765;AUDREY KLEYS CABRAL DE OLIVEIRA DINAU;PP
1766;CARLOS AUGUSTO PEREIRA COSTA;PROS
1767;AUGUSTO DOS REIS FERREIRA;PSD
1768;AURELIANO CARNEIRO DE LIMA;PODE
1769;AVEDIS GOGENHAN;PTB
1770;GIRLANE LIMA DE SOUZA;PSC
1771;WILSON DE VASCONCELOS VEIGA;PMB
1772;TEONÍLIO MONTEIRO DA COSTA;PT
1773;JOSE ANTONIO BARROS MUNHOZ;PSDB
1774;AGILDO FAUSTINO DOS SANTOS JUNIOR;PSC
1775;ISABELA CRISTINA CARDOSO DA CRUZ;PL
1776;BENJAMIN NOEL;PROS
1777;EDIVALDO BENÍCIO;PSD
1778;JOSÉ CARLOS TREVENZOLLI FILHO;PSD
1779;JOSE CARLOS BERNARDI;PTB
1780;ANTONIO BESERRA LIMA;PL
1781;ROBERTO PAULIS;AVANTE
1782;ELISABETH SAHÃO;PT
1783;ALBERTO ADRIANO DE JESUS;PSB
1784;GILBERTO DANIEL JUNIOR;UNIÃO
1785;VALDENIR JOSÉ BITIU;PSC
1786;ROBERTO FRIAS FILHO;NOVO
1787;JOÃO ROBERTO DE SIQUEIRA;PP
1788;CARLOS ROBERTO TOLEDO;PATRIOTA
1789;BIANCA CESÁRIO DE OLIVEIRA;PRTB
1790;RONALDO FRANCISCO DA CRUZ;MDB
1791;ADILSON ALVES LUZ;PRTB
1792;ERISVALDO DE SOUSA AGUIAR;PROS
1793;MARCO ANTONIO BIOTO;PSC
1794;UBIRADILSON DA SILVA;DC
1795;UBIRAJARA DE ARAUJO MORAIS;AGIR
1796;MARIA VILMA FIGUEIREDO DA SILVA JACINTO;PODE
1797;ELIANDRO SILVA DIAS;PMN
1798;ANDERSON HENRIQUE PINTO;PMB
1799;ADEMIR WELLITON DE OLIVEIRA;PATRIOTA
1800;BOAVENTURA PEREIRA SANTOS;AVANTE
1801;JOSÉ CARLOS CARRASCOSA DOS SANTOS;PSDB
1802;ROBERTO CASTRO COSTA;PRTB
1803;VALDOMIRO NUNES DE QUEIROZ;SOLIDARIEDADE
1804;MARCOS VITOR LESSA;PTB
1805;MÁRIO COROCHEL NETO;AVANTE
1806;JOÃO BOSCO LOURENÇO;PROS
1807;BRAZ PEREIRA;PRTB
1808;BRIGIDA CAIRES DINARDI;SOLIDARIEDADE
1809;BRIGIDA PINATTI AMATTE;REPUBLICANOS
1810;ELIANA ATTINI PALMIERI;REPUBLICANOS
1811;BRUNA DIAS FURLAN VICENTE;PSDB
1812;BRUNA CHAMAS BIONDI;PSOL
1813;BRUNO DE OLIVEIRA ALVES;PDT
1814;BRUNO TIAGO DA SILVA BRANDINO;NOVO
1815;BRUNO DE SOUSA ALVES;MDB
1816;BRUNO RAMOS DA SILVA;PT
1817;BRUNO LOPES ROVAI;PATRIOTA
1818;BRUNO LUCIANO MEIRA MARTINS;SOLIDARIEDADE
1819;BRUNO ZAMBELLI SALGADO;PL
1820;MARCO AURELIO MOREIRA ROQUE;REPUBLICANOS
1821;AGEU DA CRUZ ALMEIDA;PTB
1822;ANDERSON FABIANO PUPO FERNANDES;PL
1823;ANDRÉA PAROLIN PAVANI PERINOTI;PSD
1824;ANGELO PAULINO DA SILVA;PV
1825;ANNE CAROLINE SILVA;PL
1826;CELIMAR GOMES DA SILVA;SOLIDARIEDADE
1827;DEYCON FRANCISCO DA SILVA;PTB
1828;EDMAR DIAS BRITO;PRTB
1829;MAURÍCIO FERREIRA LIMA;PSC
1830;LÔIDE CAMILO SOUZA FIUZA DE CARVALHO;REPUBLICANOS
1831;REGINALDO DA ROCHA MÁXIMO;PMB
1832;MARCELLO MAZÁRIO COSTA;PMN
1833;OLAIR FERNANDO SOARES;PMB
1834;JOEL BATISTA RAMOS;PSC
1835;RENATO DE SOUZA OLIVEIRA;PATRIOTA
1836;SANDRA CANDIDO MORETTI;MDB
1837;CLÁUDIO DO NASCIMENTO TORRES;PSC
1838;LUCIANO ZACCHIA DE ARAUJO;AVANTE
1839;CACILDA SANTOS MAGALHÃES;REPUBLICANOS
1840;MARCOS LUIZ ABDO DE SIQUEIRA;AGIR
1841;CARLOS EDUARDO PEREZ;NOVO
1842;CAIO ALEXANDRE GOMES DA SILVA;PSC
1843;CAIO HENRIQUE DA SILVA;PMN
1844;CAIO FIORI DIAS;PP
1845;CAIO ALEXANDRE RAMOS FORCEL;SOLIDARIEDADE
1846;CAIO FRANÇA DE GOUVÊA GOMES;PSB
1847;CAIO VINICIUS DE MOURA LUZ;MDB
1848;CAIQUE MAFRA BARBOSA;REPUBLICANOS
1849;CLAUDIO LUIS CAIVANO;PTB
1850;PEDRO ADERSON FURTADO SOARES;AVANTE
1851;CAMILA CRISTINA BRITO;AGIR
1852;CAMILA GRASIELE SANGREGORIO SOARES;UNIÃO
1853;CAMILA TAPIA ROJAS SEGATO;PSB
1854;ABEL FELIX CAMPOS NETO;PMB
1855;ANTONIO CARLOS DE CAMPOS MACHADO;AVANTE
1856;ALISSON GUIMARÃES PEREIRA DE SOUZA;PL
1857;LUIZ CARLOS DE PAULA;MDB
1858;JOSE BRAZ DE OLIVEIRA JUNIOR;PL
1859;ROBERVAL CONTE LOPES LIMA;PL
1860;GUILHERME LAZO SOLANO NETO;PP
1861;RAFAEL HENRIQUE CANO TELHADA;PP
1862;LUIZ CLAUDIO VENANCIO ALVES;UNIÃO
1863;CLAUDINEI VIEIRA SOARES;PRTB
1864;IRENIO OLIVEIRA CARDOSO;PMB
1865;CARINA VITRAL COSTA;PC do B
1866;CLEONICE ALVES SANTOS;AGIR
1867;CARLA SARDANO MORANDO;PSDB
1868;CARLOS ROBERTO DE OLIVEIRA;PT
1869;CARLOS AUGUSTO DOS SANTOS;SOLIDARIEDADE
1870;CARLOS EDUARDO PIGNATARI;PSDB
1871;CARLOS FERNANDO SERRA DO NASCIMENTO;PMB
1872;CARLOS AGUIAR DE ANDRADE;PL
1873;CARLOS ALBERTO BOARINI;PP
1874;CARLOS EDUARDO UTUARI;PSD
1875;CARLINHO NASCIMENTO SILVA;AGIR
1876;CARLOS ALBERTO ROSSI;PSB
1877;CARLOS AUGUSTO ABRANCHES;CIDADANIA
1878;CARLOS AUGUSTO RODRIGUES;PCO
1879;JOSE CARLOS FERREIRA DA SILVA;AGIR
1880;CARLOS CEZAR DA SILVA;PL
1881;CARLOS AUGUSTO DA CUNHA SILVA;CIDADANIA
1882;CARLOS ALBERTO FABRINI;PATRIOTA
1883;CARLOS ALBERTO GIANNASI;PSOL
1884;CARLOS LEDUAR DE MENDONÇA LOPES;PTB
1885;CARLOS LOTHAR KAUTZA;UNIÃO
1886;ANTONIO CARLOS TRIGO;PDT
1887;CARLOS ANTONIO VILELA;PSD
1888;MARIA DO CARMO PORTELA RUMBO;PODE
1889;CARMEN DA SILVA FERREIRA;PSB
1890;CAROLINE STAFOKER DA SILVA;NOVO
1891;CAROLINE GOMES FERREIRA DE MELLO;CIDADANIA
1892;CAROLINA CASSACA NOEL;PROS
1893;CAROLINA RIBEIRO FREITAS;PSDB
1894;CAROLINE STEINMETZ;PSD
1895;CAROLINA ZANIRATO BUZONI;NOVO
1896;CAROLINA ANGELELLI;PSD
1897;MARIA CAROLINA DA SILVA TAVARES CRUZ;AGIR
1898;EBION PEREIRA DA COSTA;PROS
1899;JORGE LUIS CARUSO;MDB
1900;CASSIANE DE MELO FERNANDES;MDB
1901;CASSIANO ROSADO CORREIA;PSB
1902;CASSIO LUIZ DE OLIVEIRA;PTB
1903;CÁSSIO DE CASTRO NAVARRO;MDB
1904;OSCAR CASTELO BRANCO DE LUCA;PL
1905;CÁTIA DOS SANTOS MACHADO;PSOL
1906;OSVALDO SANTOS DA SILVA;PMN
1907;JOAO VIANELLE PINTO;AGIR
1908;AMILCAR MARCEL DE SOUZA;PV
1909;CECILIA CLAUDINO GOMES DO AMARAL PEREIRA;UNIÃO
1910;CECILIA RANIELE ROSAL SALVADOR;PTB
1911;CÉLIA CAMARGO LEÃO EDELMUTH;PSDB
1912;CELSO DA SILVA;PSB
1913;CÉSAR CAPUTO GUIMARÃES;PSB
1914;CESAR MICHELON LOUREIRO SANTANA;PDT
1915;CESAR ROCHA ANDRADE DA SILVA;UNIÃO
1916;CESAR EDUARDO GARCIA;DC
1917;ANTONIO DA ROCHA MARMO CEZAR;PDT
1918;LEONARDO DA SILVA BRIGAGÃO;PODE
1919;LAURINDO LUIZ CHARBEL MOURA;DC
1920;CHARLES DOS ANJOS;PODE
1921;CHARLES DOS SANTOS PEREIRA;PTB
1922;CHARLES ROBERTO PAES;PSB
1923;CHAYNI MELO DA SILVA;REPUBLICANOS
1924;MARCOS ANDRE DE OLIVEIRA;PATRIOTA
1925;HUGO DANTAS DA SILVA;REPUBLICANOS
1926;CHEILA MARIA SUBENKO OLALLA;PT
1927;ALEXANDRE CHICHURRA;AVANTE
1928;FRANCISCO ANTONIO DA SILVA;PATRIOTA
1929;FRANCISCO PEREIRA LIMA;PSDB
1930;FRANCISCO DA COSTA NETO;PSD
1931;MARCELO LEANDRO BRAGA PALINI;PP
1932;ANTONIO EDUARDO DOS SANTOS;PSD
1933;CHIRLEY MARIA DE SOUZA ALMEIDA SANTOS;PSOL
1934;ANDERSON REITANO RICARDO;UNIÃO
1935;CHRISTINA MASSIS DELLA TORRE LEMES;PROS
1936;EDNA CHRISTINA SANTIAGO;PSC
1937;CICERA SEVERINA DA CONCEIÇÃO MUSA;NOVO
1938;ANTONIO CÍCERO FERREIRA DE ARAUJO;PATRIOTA
1939;CÍCERO LUIZ DE BRITO;MDB
1940;CÍCERO JOSÉ DE GOUVEIA;PMN
1941;CICERO JOÃO DA SILVA;PSD
1942;JOSE CICERO FERREIRA DE LIMA;AGIR
1943;CICERO APARECIDO DE MELO;UNIÃO
1944;CICERO SEBASTIAO DE ARAUJO;PRTB
1945;CÍCERO PEREIRA DO VALE;PMN
1946;MARIA APARECIDA SANTOS ARAUJO;AGIR
1947;MARIA APARECIDA DA COSTA BATISTA;PODE
1948;MARIA APARECIDA AIRES DA SILVA;PSOL
1949;APARECIDO MOREIRA DA SILVA;PTB
1950;JOSÉ APARECIDO ALVES;PSB
1951;CINTIA APARECIDA DE MATOS;PDT
1952;CINTIA VANESSA GOMES;PSOL
1953;CLARICE CARASSOL AREVALO GANEM;PODE
1954;ANA CLAUDIA PERES LUCAS LOPES;PL
1955;CLAUDETE MARTINS SANTOS DE ANDRADE;PSC
1956;CLAUDETE FERREIRA DA SILVA;MDB
1957;CLAUDIA CARVALHO DA ROCHA;PRTB
1958;CLAUDIA VISONI;PV
1959;ANA CLAUDIA LEITE FERRARI;UNIÃO
1960;CLAUDIA SILVIA MACHADO DA SILVA;REPUBLICANOS
1961;CLAUDIA APARECIDA DE MELLO MONTANARI;PSOL
1962;CLAUDIA URIAS;PSD
1963;CLAUDIA VALDENIA GOMES MAIA;PMB
1964;CLAUDIO JOSÉ DE OLIVEIRA GONÇALVES;PDT
1965;CLAUDIO CESAR SILVA APOLINARIO;PSD
1966;CLAUDIO AUGUSTO PEREIRA;PTB
1967;CLAUDIO BENVINDO BARBOSA;PSOL
1968;CLAUDIO OLIVEIRA DE MESSIAS;PSB
1969;CLAUDIO FERNANDO DE AGUIAR;PL
1970;CLAUDIO MARTINS NEVES DE FRANCA;PRTB
1971;CLÁUDIO DE OLIVEIRA LEOPOLDO;PMN
1972;CLAUDIO MASANOBU TERASAKA;REPUBLICANOS
1973;CLEBER BROCH;PATRIOTA
1974;CLEBER NUNES DOS SANTOS;PMN
1975;CLEBER DA SILVA;PSOL
1976;CLEMILTON ALVES DA SILVA;REPUBLICANOS
1977;CLEONICE APARECIDA PEREIRA DA SILVA;PMB
1978;CLEUSA APARECIDA DOS SANTOS;REPUBLICANOS
1979;CLODOALDO APARECIDO DE MORAES;PL
1980;LINDINALVA ZEFERINO DE AZEVEDO;PP
1981;JOSÉ DILSON DAS CHAGAS;PSB
1982;ROBINSON FARINAZZO CASAL;PDT
1983;MONIZ JOSE BIELAWSKI RIBEIRO;PATRIOTA
1984;ADALBERTO JOSÉ FERREIRA;PL
1985;ADRIANA CRISTINA SGRIGNEIRO NUNES;UNIÃO
1986;AMERICO MASSAKI HIGUTI;PL
1987;MIGUEL AFFONSO COIMBRA NETO;PRTB
1988;LUIZ ANTONIO DINIZ DE ALMEIDA;REPUBLICANOS
1989;DJALMA DE LIMA SANTOS;PRTB
1990;FABIO ROGÉRIO CANDIDO;PL
1991;FERNANDO LUIS COUTINHO NEVES;PMB
1992;HELENA DOS SANTOS REIS;REPUBLICANOS
1993;BENEDITO ROBERTO MEIRA;UNIÃO
1994;PAULO AUGUSTO LEITE MOTOOKA;REPUBLICANOS
1995;RELDER SANDRO DE SOUZA FIALHO;PSC
1996;ROGÉRIO SILVA PEDRO;PSD
1997;NELSON PEDRO ROJA JUNIOR;PATRIOTA
1998;LUIS HENRIQUE USAI;PRTB
1999;VALDECI SILVA JUNIOR;PRTB
2000;WAGNER RODRIGUES;PP
2001;BENEDITO RODRIGUES CORREA;REDE
2002;ELI CORREIA DE MELO;SOLIDARIEDADE
2003;COSMO DAMIÃO FREITAS CID;PSB
2004;MARCELO AUGUSTO MARTINS COUBASSIER;AVANTE
2005;EDIMAR CANDIDO DE LIMA;MDB
2006;CRISTIANE BANHOL;PSTU
2007;CRISTINA ALVES DE GODOY;PTB
2008;CRISTIANE NOVAK;PRTB
2009;MARIA CRISTINA DE OLIVEIRA;NOVO
2010;CRISTIANE PEREIRA MACEDO;NOVO
2011;CRISTIANE AQUINO PASTOR;PDT
2012;CRISTIANE SILVA DE ALMEIDA SANTOS;PODE
2013;CRISTIANE ALEXANDRE MENDES;PV
2014;MARIA CRISTIANE PINHEIRO;MDB
2015;CRISTIANO ALEXANDRE DA SILVA;SOLIDARIEDADE
2016;CRISTIANO MOREIRA PINTO BERALDO;UNIÃO
2017;CRISTINA DOS SANTOS;PTB
2018;CRISTINA APARECIDA TEIXEIRA CORDEIRO DE JESUS;PTB
2019;ANTONIO DA CUNHA LIMA;PRTB
2020;CYNTHIA MICHELS;PSB
2021;DACIO BERALDO BICUDO;PV
2022;ANTONIO D'AGOSTINO;PRTB
2023;DAILAS RODRIGUES DA SILVA SOARES;AGIR
2024;ANTONIO DIRCEU DALBEN;CIDADANIA
2025;DALCIDES BATISTA DA SILVA NETO;MDB
2026;DALTON TADEU IZZO JUNIOR;PMB
2027;DANIELE SOUZA AKAMINE;MDB
2028;DANIELE MAZUQUELI ALONSO;PL
2029;DANIELLE MARINHO RABELO;PDT
2030;DANIELA APARECIDA RODRIGUEIRO;PDT
2031;DANIEL HENRIQUE SILVA BASSI;PSDB
2032;DANIEL RODRIGUES BRANDO;PMB
2033;DANIEL GIROTTO;MDB
2034;DANIEL DA ROCHA MARTINI;PODE
2035;DANIEL JOSÉ MILLER DE AZEVEDO;PP
2036;DANIEL ARAUJO NEVES SANTIAGO LIMA;PODE
2037;DANIEL BEZERRA RIBEIRO SOARES;UNIÃO
2038;MARIA DANIELA NOGUEIRA DONI;AGIR
2039;MARIA DANIELA NOGUEIRA DONI;AGIR
2040;DANIELLE SANTOS SILVA;PSDB
2041;DANIELLI CRISTIAN CARDOSO RÔA;NOVO
2042;DANILO BERTIPAGLIA BARNABÉ;PL
2043;DANILO PRISEAJNIUC BIFONE;PSOL
2044;DANILO CESAR CAMPETTI;REPUBLICANOS
2045;DANILO MARTINS DE OLIVEIRA FRANÇA;PMB
2046;DANILO RIDYER PALMA;PMB
2047;DANIELLE GOMES DE CARVALHO;PRTB
2048;DANIELE ANSELMO DE MORAIS;PRTB
2049;IRANILDO DANTAS;PROS
2050;DARCI RAMOS VITÓRIO;PSOL
2051;DÁRIO CASSIANO DE SOUZA;PSC
2052;DAVI BENEDITO DOS SANTOS;PATRIOTA
2053;DAVI PIRES BATISTA;AVANTE
2054;DAVI AMORIM DE OLIVEIRA;AVANTE
2055;DAVID CRISTIAN DE OLIVEIRA;AVANTE
2056;CHU NENG TE;PROS
2057;DAVID MONTEIRO DE MELLO;PRTB
2058;DAVID DOS REIS RODRIGUES SABACIANSKIS;SOLIDARIEDADE
2059;DAVID SANTANA DA SILVA;PSB
2060;JOSÉ ALVIM FILHO;SOLIDARIEDADE
2061;DÉBORA ALVES CAMILO;PSOL
2062;DÉBORA CRISTIANE FIRMO DORIA;PSOL
2063;DÉBORA MARCONDES SILVA FERRARESI;PSDB
2064;DEBORA MEIKO IKEJIRI;SOLIDARIEDADE
2065;DEBORA CRISTINA DA MOTA;PROS
2066;DECIO MARMIROLLI;PSD
2067;EDVAN JOSE DOS SANTOS;PSB
2068;DEIDILAN LIANG CORREIA DE SOUZA;PMN
2069;ANDREIA TEIXEIRA BATISTA;PT
2070;DEISE DUARTE;PODE
2071;DEJANIRA VICENCIA SANTOS ALVES;PDT
2072;ADAUTO VIANA JUNIOR;PTB
2073;GRACIELA DE LOURDES DAVID AMBROSIO;PL
2074;MARISTELA MORESCHI RIBEIRO NADER;PODE
2075;RAQUEL KOBASHI GALLINATI LOMBARDI;PL
2076;ADOLPHO HENRIQUE DE PAULA RAMOS;MDB
2077;FABIANO RUEDA AMORIM;SOLIDARIEDADE
2078;GUSTAVO MESQUITA GALVÃO BUENO;PSC
2079;HELIO BRESSAN;PSD
2080;HUGO PEREIRA DE CASTRO;PL
2081;ANTONIO ASSUNÇÃO DE OLIM;PP
2082;RENATO PUPO DE PAULA;PSDB
2083;REINALDO RÚBIO RODA;PSB
2084;LUIZ AUGUSTO ROMANI DE OLIVEIRA;PROS
2085;DENIVIA ROSA DOS SANTOS OLIVEIRA;PTB
2086;DENE IRENO DE SOUSA;PTB
2087;DEOCLÉCIO KAWAHATA PLACCO;PATRIOTA
2088;DEOMERCE DE SOUZA DAMASCENO;UNIÃO
2089;MARIA DAS MERCES CANDIDA DE ARAUJO;AVANTE
2090;MARCELO RIBEIRO COSTA;PP
2091;RAPHAEL DIAS FERNANDES NETO;PROS
2092;ALDENIR DIAS DOS SANTOS;PSOL
2093;DIEGO LOPES DEL RIO;MDB
2094;DIEGO WEIDEMANN RACHE VITELLO;PSOL
2095;DIEGO VOLGARINE PARDAL;PSC
2096;ADRIANO SANTANA DOS SANTOS;PODE
2097;FRANCISCA NILMAR ARRAES MANOEL;PT
2098;DILSO PANTALEÃO MANZANO;PATRIOTA
2099;DINACI FERREIRA OLEAN;PSDB
2100;MOISES JULIANO MONTIEL;SOLIDARIEDADE
2101;DIONE FRANCISCO DA SILVA;PRTB
2102;RICARDO REIS DE OLIVEIRA;MDB
2103;DJALMA NERY FERREIRA NETO;PSOL
2104;WENDELL BRAZ NICOLICHE;PTB
2105;DOUGLAS AMPARADO CABRAL;PSB
2106;CELSO DA LUZ GUEDES;PMN
2107;DOMINGOS COSTA MINÉZIO GALLÉ;PSDB
2108;AUREA ROCHA;REPUBLICANOS
2109;SEVERINA BENEDITA DA SILVA;PRTB
2110;JURACY DA CONCEIÇÃO DOS SANTOS;UNIÃO
2111;GERLANY FELISMINO DE LIMA ROCHA;REPUBLICANOS
2112;MARIA ROSA DE ALBUQUERQUE;DC
2113;ANTONIO DONATO MADORMO;PT
2114;LUIZ CARLOS DONEGÁ NETO;REPUBLICANOS
2115;DONIZETI APARECIDO ALVES FERREIRA;PV
2116;DORALICE SOUZA MATOS FAUSTINO;PMN
2117;MARIA DAS DORES ALVES SILVA;PV
2118;DOUGLAS AUGUSTO PINHEIRO DE OLIVEIRA;PDT
2119;DOUGLAS ALBERTO SANTOS;REPUBLICANOS
2120;DOUGLAS BORGONI;PODE
2121;DOUGLAS KAJFES GARCIA;PMB
2122;DOUGLAS MARTINS DE SOUZA;PT
2123;DOUGLAS SOLANO DAS NEVES;AGIR
2124;DOUGLAS HENRIQUE DE OLIVEIRA;NOVO
2125;LI LI MIN;CIDADANIA
2126;JOÃO VANE CAVALCANTI REIS;AVANTE
2127;ADEMIR MARTINS BOAVENTURA;MDB
2128;ALDO FERNANDO NUNES;PODE
2129;MARCOS MONTANI CASEIRO;PT
2130;CASEMIRO DOS REIS JÚNIOR;PDT
2131;LUIZ DE SOUSA CHAGAS;AVANTE
2132;JOSÉ GARRIS DEL VALLE;PSD
2133;DIOGO DE FREITAS VALEIRO GARCIA;NOVO
2134;EDISON LOURENÇO RICCOMI;REPUBLICANOS
2135;EDSON RODRIGUES;PODE
2136;EDUARDO CARNEIRO MARTINS;PODE
2137;CARLOS EDUARDO NOBREGA;PODE
2138;ELVIO ANTONIO PINOTTI NETO;PODE
2139;FABRICIO SANCHES MESTRINER;PSB
2140;FERNANDO LUCCHESI ANTUNES DE OLIVEIRA;PSD
2141;FLAVIO ROBERTO SALATINO;PP
2142;CARLOS JOSE GASPAR;UNIÃO
2143;HERY WALDIR KATTWINKEL JUNIOR;SOLIDARIEDADE
2144;HUMBERTO YUTAKA NAKAMURA;PSD
2145;JOSE CARLOS RICARDO;PROS
2146;LEANDRO ALTRÃO MARTINES;PSB
2147;LINDEMBERG MELO GONCALVES;PTB
2148;MARCELO COSTA MORAES;PTB
2149;MARCOS MENDES DA SILVA;PODE
2150;MAURO CESAR RAMOS DE ALMEIDA;MDB
2151;MOHAMED AHMED YOUSSEF;MDB
2152;PEDRO LUIZ CONTI MARIOZI;REPUBLICANOS
2153;JOSEPH RAFFOUL JUNIOR;PL
2154;RAUL APARECIDO GONÇALVES PAULA;PODE
2155;RENAN MARINO;PATRIOTA
2156;RENE SILVEIRA;PRTB
2157;ROBERTO MIGUEL REY JUNIOR;PODE
2158;RICARDO DIAS;AVANTE
2159;RICARDO CRUZ DE REZENDE PAOLIELLO;PTB
2160;ROBERTO ROGERIO SOARES;PSD
2161;RODRIGO FEITOSA LOPES;PODE
2162;ROMAR WILLIAM CULLEN DELLAPIAZZA;MDB
2163;VESPASIANO SAULO DA COSTA E SILVA;PSB
2164;SIDNEI TAVARES MEDEIROS;PDT
2165;VALDOMIRO LOPES DA SILVA JUNIOR;PSB
2166;VONG IEK LEONG;PSDB
2167;WAGNER BAPTISTA RIGUEIRA;PODE
2168;ADOLFO BASSO;PDT
2169;AGNALDO PISCOPO;SOLIDARIEDADE
2170;ALAN EDUARDO DE PAULA;SOLIDARIEDADE
2171;JOSE ALCY PINHEIRO SUBRINHO;PATRIOTA
2172;CLODOALDO ALVES DE AMORIM;PTB
2173;ANDRÉ GASPARINI SPADARO;PSDB
2174;CARLOS WEVERTON ORTEGA SANCHES;REPUBLICANOS
2175;EDSON GARCIA;AGIR
2176;CESAR BENEDITO ALVES;AGIR
2177;CLAUDINEI LUIS DA SILVA;UNIÃO
2178;CONSTANTINO CURY NETO;PT
2179;EDMILSON PINTO CARDOZO;PDT
2180;ELTON ALVES RIBEIRO DE CARVALHO JUNIOR;PSC
2181;ERNESTO ANTONIO MATTOS;PATRIOTA
2182;ESTANISLAU MATIAS BARROS;PSDB
2183;EVANDRO PEREIRA DOS REIS;PTB
2184;JORGE DO CARMO SILVA;PT
2185;JOSÉ ANTÔNIO FERREIRA;PSB
2186;LAERCIO SANDES DE OLIVEIRA;UNIÃO
2187;LUIS CLAUDIO LAPENA BARRETO;PATRIOTA
2188;LEANDRO ROMEO PECCEQUILLO FREIRE;PSOL
2189;MARCO AURELIO MIETO DOMINGUES;PTB
2190;LEONARDO CÉSAR TASSINARI;PV
2191;MARCOS ROGERIO MANTEIGA;PTB
2192;PAULO SÉRGIO CONTADOR MIRAS;NOVO
2193;PAULO NUNES PINHEIRO;UNIÃO
2194;RENATO SALVADOR MARTINS;PTB
2195;RICARDO ALEXANDRE ZUPIROLLI;PMB
2196;RODNEY DE PAIVA;MDB
2197;SALVADOR FERREIRA DA SILVA JUNIOR;AGIR
2198;VANDERLEI GROSSI DA SILVA;PRTB
2199;ANGELA GISELDA RUSSO PUCCIA DE LIMA;PATRIOTA
2200;CRISTIANE VIVIAN ALVES GOMES;PODE
2201;DAMARIS DIAS MOURA KUO;PSDB
2202;DANIELA DE OLIVEIRA SOUZA SOUTO;PP
2203;DENISE FERNANDES DE SOUZA PANTALEÃO;PSOL
2204;ERIKA STANCOLOVICHE VEIGA;REPUBLICANOS
2205;JÉSSIKA RUSSO MACHADO;PMN
2206;LILIANE DURCE;PTB
2207;LOREDANA NOCITO SALAMONE;AVANTE
2208;LUCINEIA DOS SANTOS;AVANTE
2209;MARCIA TAPIGLIANI BAPTISTA;PL
2210;MARCIA APARECIDA TASCHETTI;PP
2211;MARIA ALICE FERNANDES MOSTARDINHA;PATRIOTA
2212;MAYRA ROSANNA GAMA DE ARAÚJO SILVA DA COSTA;REPUBLICANOS
2213;MIRIAM LUZ GIANNONI;PODE
2214;MONICA BATALHA PRADO;PL
2215;NUBIA DE JESUS SANTOS;PDT
2216;NÚBIA CRISTINA SILVÉRIO;PSD
2217;NURIA DANIELA GALLÃO ARTHUZO;PTB
2218;OSTERLAINE HENRIQUES ALVES;UNIÃO
2219;FRANCISCA QUELINDEJARA VASCONCELOS SOBIESKI;AVANTE
2220;SANDRA REGINA VIEIRA;MDB
2221;SILMARA CRISTIANE DA SILVA POMPOLLO;AGIR
2222;TATIANA REGINA CRISCUOLO;PL
2223;THELMA ELAINE BRASILEIRO ROBERTI;PL
2224;ANA ROSA TEIXEIRA DE ARAUJO;UNIÃO
2225;ANGELA TORRES PRADO;PTB
2226;CAROLINA MALAVAZZI GALVÃO;PT
2227;CRISTIANY DE CASTRO;PL
2228;MARIA ESTELA CAPELETTI DA ROCHA;PMB
2229;FLORISA BATISTA DE ALMEIDA;SOLIDARIEDADE
2230;GRAZIELA COSTA LEITE;PSB
2231;LIGIA MAYUMI FUNAKI;PMB
2232;SONIA APARECIDA GONÇALVES BELARMINO;REPUBLICANOS
2233;ADRIANO DE OLIVEIRA SILVA DOS SANTOS;PSB
2234;EDUARDO LIMA DE SOUZA;PODE
2235;MARIA EDUARDA ALENCAR HIDALGO;PT
2236;DULCINEIA COELHO DA SILVA;PMB
2237;DULCE RITA CHAVES DE ANDRADE DABKIWICZ;PSDB
2238;MARIO EDUARDO DA SILVA;REDE
2239;RUBENS EDUARDO DOCAMPO ANTONINI;REDE
2240;EDGARD TAKASHI SASAKI;PSDB
2241;EDILEIDE SILVA;PATRIOTA
2242;EDIANE MARIA DO NASCIMENTO;PSOL
2243;EDILMA MARIA DA SILVA;REDE
2244;EDILSON FÉLIX GUIMARÃES;DC
2245;EDILSON GUARNIERI;PTB
2246;EDILSON RODRIGO NOGUEIRA MARCIANO;REDE
2247;EDINALVA NUNES DE JESUS;PSD
2248;EDIVALDA CORDEIRO DE LIMA SILVA;AGIR
2249;EDIVALDO SILVA MEIRA;PSC
2250;EDMILSON SOUZA SANTOS;PSOL
2251;EDMIR JOSE ABI CHEDID;UNIÃO
2252;EDNA DA SILVA DELLA NINA;PT
2253;EDNA BEZERRA SAMPAIO FERNANDES;REPUBLICANOS
2254;EDNA PENHA DA SILVA;PSB
2255;EDNA MARIA VERTELLO SILVA;REPUBLICANOS
2256;EDNEI APARECIDO VALENCIO;AVANTE
2257;EDNELSON PACHECO FERREIRA;PDT
2258;EDNEY BENEDITO SAMPAIO DUARTE JÚNIOR;NOVO
2259;EDSON NASCIMENTO DE OLIVEIRA;SOLIDARIEDADE
2260;EDSON ELIAS KHOURI;PSB
2261;EDSON FERREIRA DE JESUS;PROS
2262;EDSON DE OLIVEIRA GIRIBONI;UNIÃO
2263;EDSON TEIXEIRA;NOVO
2264;EDSON MORO JUNIOR;PROS
2265;EDSON FLORINDO PEREIRA;PSB
2266;EDSON ANTONIO DE SOUZA;REPUBLICANOS
2267;EDSON PIRES SALOMÃO;REPUBLICANOS
2268;EDUARDO ALMEIDA PERES;NOVO
2269;EDUARDO APARECIDO ALEIXO;PATRIOTA
2270;EDUARDO OLIVEIRA DE ARAUJO;PP
2271;LUIZ EDUARDO PENTEADO BORGO;PMB
2272;EDUARDO DIAS DE BRITO;PATRIOTA
2273;EDUARDO JOSE CORNELIO DE OLIVEIRA;PMB
2274;EDUARDO JOAQUIM DE OLIVEIRA;PROS
2275;EDUARDO LUIZ;PSB
2276;EDUARDO DOS REIS MAGOGA;PODE
2277;EDUARDO NASCIMENTO;PSB
2278;CARLOS EDUARDO PLACUCCI;AVANTE
2279;CARLOS EDUARDO RICATTO;PP
2280;JOSÉ EDUARDO DOS SANTOS;PODE
2281;EDUARDO SILVA NICOLAU DE SOUZA;SOLIDARIEDADE
2282;EDUARDO MATARAZZO SUPLICY;PT
2283;CARLOS EDUARDO THOMAZ PEDROSO;PL
2284;EDVALDO XAVIER CAVALCANTI;UNIÃO
2285;EDVAN LIMA BARBOSA;PMB
2286;EFANEU NOLASCO GODINHO;PSD
2287;EIDA SILVA DOS SANTOS AZEVEDO;MDB
2288;MARIA APARECIDA BORGES DE MACEDO;PODE
2289;ELAINE CRISTINA RODRIGUES;AVANTE
2290;ELAINE CRISTINA PUPE DE MORAIS;PMB
2291;ELENICE MARIA DE OLIVEIRA;PROS
2292;ELIANA PAULA CARETI;UNIÃO
2293;ELIANA CONRADO GOTTSFRITZ FERNANDES;PODE
2294;ELIANA CRISTINA DA SILVA PASCON;PATRIOTA
2295;ELIANA SÃO ROQUE MARTINS;PMB
2296;ELIANE MARIA DE SANTANA OLIVEIRA;PSC
2297;ELIAS DOS SANTOS BITENCOURT;AGIR
2298;ELIEZER ALMEIDA GUIMARÃES;PSOL
2299;ELISANGELA ALCANTARA DA SILVA GONZALEZ;PP
2300;ELISÂNGELA VENTURA ROCHA;PODE
2301;ELISANDRA APARECIDA DA SILVA RODRIGUES DE ALMEIDA;DC
2302;ELISANDRA PEDROSO FERREIRA;PSB
2303;ÉLITON SOUSA LEITE;REPUBLICANOS
2304;ELISANGELA VALINHO QUEIROZ DOS SANTOS;PMB
2305;ELIZEU RODRIGUES VARELA;AGIR
2306;ELLEN CRISTINA DE MORAES;SOLIDARIEDADE
2307;ELOÁ IZILDA OLIVEIRA;PROS
2308;ELTON CARVALHO PORTO;REPUBLICANOS
2309;ELVIO FERNANDEZ GONZALEZ;PSB
2310;ELZA DIAS AMARO;PSC
2311;EMERSON PEREIRA BATISTA;PTB
2312;EMERSON FRACAROLI;PODE
2313;EMERSON MARCIO VITALINO;REDE
2314;EMERSON ZOCCHI;PRTB
2315;EMIDIO PEREIRA DE SOUZA;PT
2316;ANTÔNIO EMÍDIO DE MORAIS;PSD
2317;EMÍLIO CARPANEZ FILHO;PATRIOTA
2318;EMILIO CURY JUNIOR;NOVO
2319;EMMERSON DE CAMARGO;PSB
2320;ENEAS SILVA FERREIRA SALES;PMB
2321;ADRIANA DO PRADO OLIVEIRA;DC
2322;ALEXANDRA DOS SANTOS MOTA;SOLIDARIEDADE
2323;CINTIA ROBERTA SILVA RODRIGUES;MDB
2324;JAQUELINE DA SILVA LIRA ARRUDA;UNIÃO
2325;JOANA DARQUE DA PAZ;PV
2326;ROSEMARA LEANDRO DA SILVA;PMB
2327;CARLOS LUIS GUERRA DE LIMA;AGIR
2328;MICHAEL DE ALENCAR ALVES;PTB
2329;DANIEL ROSSI;PL
2330;GILBERTO MEGDA;PTB
2331;JOSÉ CARLOS CASARINI;PP
2332;JOSE APARECIDO ROSA FILHO;PRTB
2333;DANIEL PLANA BOGALHO;REPUBLICANOS
2334;GETULIO DE SOUSA SANTOS;PRTB
2335;JUAREZ PEREIRA DIAS;PRTB
2336;RAFAEL POSTIGO MAZZALI;PSDB
2337;ROBERTO MONTEIRO;PSB
2338;ENID KREBSKY DE CARVALHO;PSC
2339;ENIO FRANCISCO TATTO;PT
2340;ENOC MANOEL DE SANTANA;PSOL
2341;ENZO LEONARDO SUZIN MOMENTI;PROS
2342;ERALDO NUNES GALDINO;PMB
2343;ERIKA TEREZA COITINHO AFFONSO;PSDB
2344;ERIVELTON PEREIRA RAMOS;REDE
2345;ERNESTO TEIXEIRA DA CUNHA;MDB
2346;ESTELA ALEXANDRE ALMAGRO;PT
2347;ESTER COSCARELLI DOMINGUES;PODE
2348;VALTER ESTEVAM;DC
2349;EUGÊNIO MIRANDA;PDT
2350;IVÂNGELA PEREIRA LOURENÇO;DC
2351;IVAN CARLOS CONSTANTINO DE OLIVEIRA;PMN
2352;EVELLYN JULIANA DA SILVA;PP
2353;EVELYN SILVA DO NASCIMENTO VICENTE DA SILVA;PT
2354;EVERTON REZENDE BELASCO;PRTB
2355;EVERTON LUIZ FERNANDES SODARIO RAIMUNDO;PATRIOTA
2356;FABIANA TAYANE MEDRADO DA CRUZ;PCB
2357;FABIA DA SILVA PORTO;PP
2358;FABIAN ALVES RAMOS;PRTB
2359;FABIANA DE LIMA BARROSO;PL
2360;FABIANA APARECIDA BRITO ERNANE;PATRIOTA
2361;FABIANO GABRIEL CARVALHO SILVA;PRTB
2362;FABIANO DA SILVA MONTEIRO;AGIR
2363;FABIO ROGERIO FAGUNDES;PP
2364;FABIO ADONIS PEREIRA;PSB
2365;FABIO DUARTE;PODE
2366;FABIO DUARTE JOANA;UNIÃO
2367;FABIO FEREZINI;AVANTE
2368;FÁBIO ANDRÉ CAPUTO FERRACINI;PODE
2369;FÁBIO CESAR FERREIRA;PSB
2370;FABIO MARTINS BELARMINO;PATRIOTA
2371;FABIO SANTOS DE OLIVEIRA;PSC
2372;FABIO LEANDRO CARDOSO TEIXEIRA;PODE
2373;FABIO DE CAMARGO TELLES;REPUBLICANOS
2374;FABIOLA TATCHER MARTINS RODA;CIDADANIA
2375;FAOUAZ TAHA;PSDB
2376;FÁBIO FARIAS DE SÁ;PODE
2377;FABRIZIO FASANO JUNIOR;PL
2378;MARIA DE FÁTIMA ALVES BARBOSA;PL
2379;MARIA DE FÁTIMA SILVA;PP
2380;FATIMA NASCIMENTO ALEXANDRE;PMB
2381;FELIPE CARMONA CANTERA;PL
2382;FELIPE SOUZA MURAKAMI DE FRANCO;UNIÃO
2383;FELIPE TALVANI SONTINI;PSC
2384;FELIPPE LOURENÇO OLIVEIRA COELHO;UNIÃO
2385;JOSE MARIA FELIX;SOLIDARIEDADE
2386;FERNANDA APARECIDA GOMES DA SILVA CAETANO;PRTB
2387;FERNANDA MORENO DA SILVA;MDB
2388;JOSE FERNANDES DE OLIVEIRA BARBOSA;AGIR
2389;FERNANDO HENRIQUE CURY;UNIÃO
2390;FERNANDO CESAR RAMOS;PP
2391;FERNANDO FERREIRA DE QUEIROZ;PATRIOTA
2392;FERNANDO GALVAO MOURA;UNIÃO
2393;FERNANDO TAVARES ARAÚJO DA SILVA;PSOL
2394;FERNANDO ROCHA GARCIA;PSC
2395;FERNANDO HENRIQUE GOMES DA SILVA;PATRIOTA
2396;FERNANDO DOS SANTOS MOURA;PDT
2397;FERNANDO SIQUEIRA MUNIZ;PP
2398;FERNANDO MARTINS DOS SANTOS;MDB
2399;FERNANDO LUIZ ISOPPO PETITI;MDB
2400;FERNANDO SOUZA PUGA;PT
2401;FERNANDO RAMOS;MDB
2402;FERNANDO SOARES RIBEIRO;DC
2403;FERNANDO PEREIRA SIRCHIA JUNIOR;PDT
2404;LEANDRO FERREIRA FELICIANO;PRTB
2405;FLEITAS FIDELES MONTEIRO;REPUBLICANOS
2406;ARLINDO PEREIRA FIGUEIREDO JUNIOR;PMB
2407;ROBERTO FIGUEIREDO JUNIOR;PRTB
2408;TIAGO FINESSI;PL
2409;FLÁVIA REGINA ROMANI;PSD
2410;FLAVIA MENDES GOMES;UNIÃO
2411;FLÁVIA APARECIDA RODRIGUES;PDT
2412;FLÁVIO SPINUCCI JUNIOR;PSDB
2413;FLAVIO RICARDO BEALL;PTB
2414;FLAVIO AUGUSTO OLMOS;PP
2415;FLORDINICE PINHEIRO;PSB
2416;ANTONIO JOSE FERREIRA;PRTB
2417;FRANCISCA PEREIRA DA ROCHA SEIXAS;PC do B
2418;FRANCISCO HORWATH NETO;PMN
2419;FRANCISCO SEVERIANO DA SILVA;PRTB
2420;FREDERICH GERALDO MARTINS;PSC
2421;EQUIMARCILIAS DE SOUZA FREIRE;PATRIOTA
2422;ALEXANDRE FROTA DE ANDRADE;PSDB
2423;JOSÉ FRANCISCO GALDINO DE CARVALHO;PP
2424;GABRIELA VARGAS SABINO;PSB
2425;GABRIEL BELÉM DOS SANTOS;PSB
2426;GABRIEL SILVA GOMES;PTB
2427;GABRIEL PINELLI FERRAZ;PODE
2428;GABRIEL COSTA PLACCE;PDT
2429;GABRIEL VIGHY DE CARVALHO;PCB
2430;JORGE GABRIEL GRASI;PODE
2431;GABRIELY DE LISIEUX LIMA BARBOSA;PMN
2432;SERGIO MATHEUS SANTOS GARCEZ;PL
2433;GARRY DERALUS;PT
2434;RODRIGO DE PAULA RUIS;PP
2435;GENILDO RODRIGUES CASTRO;PMN
2436;GENTIL ALVES DOS SANTOS NETO;AGIR
2437;GENTIL ALVES DOS SANTOS NETO;AGIR
2438;GEORGE VATUTIN HATO;MDB
2439;GEORGES HABIB JARROUGE;SOLIDARIEDADE
2440;GERALDO FERREIRA COSTA FILHO;AVANTE
2441;GERALDO PEREIRA FILHO;PMN
2442;GERALDO APARECIDO MENDES;PTB
2443;GERALDO ANTÔNIO DA NÓBREGA;PSB
2444;GERALDO NUNES REIS;SOLIDARIEDADE
2445;GERALDO DO NASCIMENTO;PSOL
2446;GERALDO RIBEIRO GUIMARÃES NETO;PSB
2447;GERSON BARBOSA DE SOUSA;PC do B
2448;GERSON DIAS PESSOA;PODE
2449;GERSON DOS SANTOS PIRES;PODE
2450;GIANE DA SILVA FERREIRA;PRTB
2451;GILBERTO APARECIDO BORGES;PDT
2452;GILDEVANIO ILSO DOS SANTOS DINIZ;PL
2453;GILBERTO MARQUES DO COUTO;PTB
2454;ANTONIO GILBERTO DA SILVA;AVANTE
2455;GILBERTO SANTOS SILVA DE VASCONCELOS;PSC
2456;GILBERTO SOARES PINHEIRO;PTB
2457;GIRLENIO GOMES DE OLIVEIRA;PATRIOTA
2458;GILMACI DOS SANTOS BARBOSA;REPUBLICANOS
2459;GILMAR BORGES DE ALMEIDA;AVANTE
2460;GILMAR DIAS PEREIRA;PMN
2461;GILMAR RAIMUNDO LUCAS;MDB
2462;GILMAR FERNANDES DE MELO;PDT
2463;GILMAR DE SOUZA ROCHA;PMB
2464;GILMAR SOUZA DOS SANTOS;REPUBLICANOS
2465;GILMAR VAZ DA ROCHA;AGIR
2466;GILSON DE SOUZA;REPUBLICANOS
2467;GILVANIA MEDEIROS DE OLIVEIRA;UNIÃO
2468;ANTONIO GINACK JUNIOR;PL
2469;GIOVANA LIMA DE AGUIAR;PTB
2470;GIOVANNA GUIMARÃES TRIPOLI VON USLAR;PSDB
2471;GISELE CASARIN DA SILVA;PMN
2472;GISELE APARECIDA DA SILVA RAMOS;UNIÃO
2473;GISELE CRISTINA DOS SANTOS SILVA;AGIR
2474;GIULIANO GRISO;MDB
2475;FERNANDA DA GLÓRIA GOMES;MDB
2476;GLORIAMAR JACINTHO;PROS
2477;MARIA DA GLORIA IBARRA DOS REIS;PROS
2478;JONEIDE GOMES LOPES;AVANTE
2479;LUIZ CARLOS GONDIM TEIXEIRA;UNIÃO
2480;MARIA GORETE DA SILVA;SOLIDARIEDADE
2481;GRACE LAINE PINCERATO CARREIRA DINI;PSB
2482;PAULINA ROSA DE SOUZA JACINTO;PMN
2483;OLIVIO AUGUSTO FREITAS CHAVES;UNIÃO
2484;GUILHERME DA COSTA AGUIAR CORTEZ;PSOL
2485;GUILHERME ANDREW GONÇALVES DA SILVA;PODE
2486;GUILHERME CESAR ZAFANI;PTB
2487;ANDERSON GUIMARÃES DE ALMEIDA;PMB
2488;JOSE GUSTAVO DUARTE DE ARAÚJO;PL
2489;CÉSAR AUGUSTO JOSÉ;PODE
2490;AUGUSTO ZACARIAS CORREA LEITE;UNIÃO
2491;HARLLEM GONÇALVES DE OLIVEIRA;CIDADANIA
2492;HEITOR ROBERTO TOMMASINI;AGIR
2493;HELENA IZABEL DA SILVA GOMES;PSC
2494;HELENA NOBUCO SUZUKI TAKADACHI;AGIR
2495;HELIO DONIZETE ZANATTA;PSC
2496;HELIO VIEIRA MALHEIROS JUNIOR;UNIÃO
2497;HELIO GERALDO RAMOS JUNIOR;REPUBLICANOS
2498;CARLOS HENRIQUE SILVESTRE GARZON;PODE
2499;HENRIQUE GOMES DE LIMA;PP
2500;HENRIQUE LOPES SILVA;PODE
2501;HENRIQUE MAGALHÃES TEIXEIRA;NOVO
2502;HERIVELTO DOS SANTOS MORAES;PT
2503;HIGOR DIEGO RALLA;REPUBLICANOS
2504;HONÓRIO MARQUES DA SILVA;REDE
2505;HUGO MOREIRA SANTOS;MDB
2506;IARA FRANCISCA DOS SANTOS;REPUBLICANOS
2507;IEDA MARIA NOGUEIRA SILVA;PRTB
2508;JOSEMAR CARLOS DE OLIVEIRA;AGIR
2509;INÊS PAZ;PSOL
2510;MARIA INES PINTO DE OLIVEIRA SANTIAGO;UNIÃO
2511;INES REGINA SCISCI MACIEL;PATRIOTA
2512;INGRID DE MENDONÇA RIBEIRO;PMB
2513;DAVI CICHETTO DE MORAES;PMN
2514;FRANCISLEY ILDECIR RODRIGUES;PATRIOTA
2515;FRANCISCO MARCOS IRAN AQUINO ROLIM;AVANTE
2516;IRAPUAN AUGUSTO PEDRO;PCO
2517;IRENILDE APARECIDA JULIANI DA SILVA;PSD
2518;IRENILDO ELIAS BARBOSA;PMN
2519;ELOIZA PEREIRA CORREIA;PP
2520;OZELITO JOSÉ BENEDITO;PSC
2521;ANTONIO CARLOS DOS SANTOS;AGIR
2522;ISABEL CRISTINA DA SILVA MARCELINO VIEIRA;PSDB
2523;ISABELA RODAS MESSIAS;PSB
2524;ISAC FELIX DOS SANTOS;PL
2525;ISMAEL DA SILVA SOUZA;AGIR
2526;ISRAEL ALEXANDRE DE SOUZA;PSDB
2527;ISRAEL BEZERRA DA SILVA;AVANTE
2528;ISTÊNIO VIANA MELLO;REDE
2529;ITAMAR FRANCISCO MACHADO BORGES;MDB
2530;IVAN APARECIDO DOS SANTOS;PROS
2531;IVAN PAULO PEREIRA DA SILVA;NOVO
2532;IVAN RIBEIRO DE BRITO;MDB
2533;IVETA DE SOUZA ALVES;PL
2534;IVONE FERNANDES DIAS DO NASCIMENTO;PSDB
2535;IVONE MOREIRA SANTOS;MDB
2536;IVANISE MARIA DE SOUSA GIAMPAGLIA;PROS
2537;FERNANDA DE MORAES DA SILVA;PSB
2538;IZABEL CRISTINA DA SILVA ANDRE;PP
2539;IZAQUE JOSÉ DA SILVA;PL
2540;JURANDIR FERREIRA SILVA;AVANTE
2541;JOAO BATISTA DO PRADO;UNIÃO
2542;JACQUELINE MARINO FERNANDES DA SILVA;AGIR
2543;JAE KRUN PARK KIM;PODE
2544;JAIME DA SILVA;PSB
2545;JAIRO ANZILEIRO;PDT
2546;JAIRO DOS SANTOS;PODE
2547;JAMIL AKIO ONO;SOLIDARIEDADE
2548;JANAINA CRISP GIULIANO CAVALCANTE;AGIR
2549;JANAINA BASTOS DE OLIVEIRA;PMB
2550;JANDYRA MASSUE UEHARA ALVES;PT
2551;JANDILENE PEREIRA DE LIMA GALVÃO;PROS
2552;JANETE ROCHA PIETÁ;PT
2553;JAQUELINE LILIAN BARCELOS COUTINHO;MDB
2554;JASPE LOPES BASTOS;PSOL
2555;JEAN CARLOS HERZOGENRATH DE BRITO;AVANTE
2556;JEFERSON MODESTO SILVA;PP
2557;GILBERTO JEFFERSON DE BARROS;PDT
2558;JEFFERSON DE JESUS NOGUEIRA;PROS
2559;JEFFERSON RODRIGO GOMES DA SILVA;PDT
2560;JÉSUA DE LIMA FERREIRA DA SILVA;AGIR
2561;VALDENOR DE JESUS GONÇALVES FONSECA;AVANTE
2562;MARCOS JESUS DOS SANTOS;PC do B
2563;JOSUÉ GONÇALVES;PDT
2564;JOAB LIRA DA SILVA;AGIR
2565;JOANA CATHARINA ALVES DE SOUZA;PSC
2566;JOÃO AGUIAR RIBEIRO;PSB
2567;JOÃO ALFREDO DE OLIVEIRA;PT
2568;JOÃO ALVES VIEIRA;MDB
2569;JOÃO CARLOS CARAMEZ;PSB
2570;JOÃO CÉSAR DE MORAES;PL
2571;JOÃO GABRIEL COELHO;UP
2572;JOÃO DA CONCEIÇÃO SILVA PAP;PMB
2573;JOÃO DA CONCEIÇÃO SILVA PAP;PMB
2574;JOÃO JORGE FADEL FILHO;PP
2575;JOÃO VESTIM GRANDE;NOVO
2576;JOÃO GUILHERME BENETTI RAMOS;PT
2577;JOÃO VICTOR MATTA DIAS FERREIRA;PDT
2578;JOAO BATISTA DE OLIVEIRA;AGIR
2579;JOAO BATISTA ROCHA;UNIÃO
2580;JOEL DE OLIVEIRA;PRTB
2581;JOEL MOREIRA PASSOS JUNIOR;PV
2582;JOAQUIM MARCELINO JOFFRE NETO;PDT
2583;JOHN GOKI KAGE;PSC
2584;HANGELBRT PIRES SOARES;AVANTE
2585;JONES DONIZETTE SOBRINHO;SOLIDARIEDADE
2586;JORGE DE JESUS OLIVEIRA;PATRIOTA
2587;JORGE DURAN GONÇALEZ;AVANTE
2588;JORGE LUIS DE SOUZA RODRIGUES;REPUBLICANOS
2589;JORGE SAMPAIO DA SILVA;AVANTE
2590;JORGE TADEU MUDALEN;UNIÃO
2591;JORGE JERONIMO TEIXEIRA DOS SANTOS;SOLIDARIEDADE
2592;JORGE WILSON GONÇALVES DE MATTOS;REPUBLICANOS
2593;JORGILENE ALVES SILVA;PMN
2594;JORGE MOTTA CARNEIRO;AGIR
2595;JORGE MOTA DE OLIVEIRA JUNIOR;AGIR
2596;JORGE FERREIRA BENTO;PRTB
2597;JORGE CLAUDIO ANSELMO;PMB
2598;JOSE CICERO FERNANDES DA SILVA;AGIR
2599;ROGÉRIO SILVA DE SOUZA;PATRIOTA
2600;JOSEMUNDO DARIO QUEIROZ;PT
2601;JOSÉ ALENCAR GALVÃO;NOVO
2602;JOSE BISPO DOS SANTOS FILHO;PODE
2603;JOSE CARLOS STANGARLINI;PSDB
2604;JOSÉ CARLOS DA SILVA;PMN
2605;JOSÉ DOMINGOS SANTOS RIBEIRO;PMN
2606;JOSE DE OLIVEIRA LEME FILHO;AGIR
2607;JOSE SILVA LIMA;AGIR
2608;JOSÉ LUIZ DE LIMA;AVANTE
2609;JOSÉ MACENA DA SILVA FILHO;PRTB
2610;JOSELITO DE SOUSA LIMA;PODE
2611;BRIAN VANDERSON FERREIRA LEME;PATRIOTA
2612;ELIAS PEREIRA FREITAS DA SILVA JUNIOR;PSB
2613;JURANDI SOARES GUIMARÃES;NOVO
2614;JULIANA GORGA SALVETTI;REDE
2615;JUAN RAMON SOTO;UNIÃO
2616;JUAREZ PEREIRA DA SILVA;UNIÃO
2617;JOAQUIM ALVES PINHEIRO;PMN
2618;JUCIANE APARECIDA DA CUNHA;PL
2619;JUCILENE DE JESUS LIMA;AGIR
2620;JULIANA SOARES DE PAULA;PSD
2621;JULIANA FRAGA E SILVA DE SOUZA;PT
2622;JULIANA MARA DA SILVA SPADA;PODE
2623;JULIANO MALAQUIAS BOTELHO;PSB
2624;JULIANO MERKES;AGIR
2625;JÚLIO CESAR FUZARI;PSC
2626;JULIO CESAR DA COSTA CAIRES FILHO;PROS
2627;JULIO CESAR PEREIRA DE SOUZA;PL
2628;JULIO CEZAR DE ANDRADE;PSOL
2629;JULIO CESAR FREITAS ROCHA;PMB
2630;JULIO AURELIANO DA SILVA;PMB
2631;JULIO CESAR DE OLIVEIRA;PSDB
2632;JOÃO TEIXEIRA JUNIOR;PATRIOTA
2633;VALTER FAUSTINO MARTINS JUNIOR;PSC
2634;AGNALDO ALVES PEREIRA;PMN
2635;LUIZ GUEDES DE ALENCAR JUNIOR;PSOL
2636;BENEDITO DE VITTO JUNIOR;UNIÃO
2637;EDNE JOSE PIFFER JUNIOR;PL
2638;ANTONIO CARLOS RODRIGUES TEIXEIRA JUNIOR;PSB
2639;LUIS DONIZETTI VAZ JUNIOR;PSC
2640;ANDRE RICARDO DE SOUZA;REDE
2641;JUSSARA APARECIDA FERNANDES;PDT
2642;JUVENIL DE ALMEIDA SILVERIO;PSD
2643;KAIQUE CARDOSO VICENTE;NOVO
2644;KAISON ROBERTO ALVES;PMB
2645;CARLOS CESAR ARCOLINO;PSDB
2646;ALVARO COSTA VIEIRA;PODE
2647;KAREN LIMA VIEIRA;PL
2648;KARINA CRISTINA DE OLIVEIRA SILVA SOARES;AVANTE
2649;KARINA PAULA DE SOUZA OLIVEIRA MARTINS;PTB
2650;MITUO TAKAHASI;PP
2651;KATIA REGINA ROSA GOMES;PTB
2652;KATIA REGINA RODRIGUES;PRTB
2653;KEILA PEREIRA FRANCISCO;PC do B
2654;KEITCHELE LIMA DA SILVA;PSOL
2655;LUIZA KELLI KEIKO VIEIRA HATSUGA;UNIÃO
2656;QUELEN HELOISA DOS SANTOS VANDERLEI;PODE
2657;KELLY SANTOS MULLER;AVANTE
2658;KELLY VESCO MOZZONE;AVANTE
2659;EZEQUIEL DE SOUZA DAMASCENO;PP
2660;MARCO ANTONIO ALVES JORGE;PDT
2661;KLEBER ADELIPIO BARROS SANTOS;AGIR
2662;KLEBER CABRAL;PODE
2663;KLEBER FERREIRA MARUXO;PP
2664;VALDIRENE SANTOS DA SILVA;PMB
2665;ISRAEL SAMPAIO DE LACERDA FILHO;SOLIDARIEDADE
2666;LAELSON DA PAZ DE OLIVEIRA;AVANTE
2667;LAERCIO BENKO LOPES;PMB
2668;LAERTE VANDERLEY CORNELIO;SOLIDARIEDADE
2669;LARA EUNICE SANTOS BARBOSA;PSB
2670;LARISSA FORJANES DOS SANTOS;PODE
2671;LARISSA MACHADO LEONETTI;PCO
2672;LAURA HIROMI KAMIA;PSD
2673;LUIZ CARLOS DE FREITAS;AGIR
2674;LETÍCIA DA SILVA GUEDES;PP
2675;LEANDRO JERONIMO BASSON;PSC
2676;LEANDRO VIEIRA DE LIMA;AVANTE
2677;LEANDRO CALDAS DE CASTRO;PROS
2678;LEANDRO JOSE DE SOUZA DUQUE;PSTU
2679;LEANDRO FRANCOIS DE ALMEIDA;CIDADANIA
2680;LEANDRO JANUARIO DE OLIVEIRA;NOVO
2681;LEANDRO DE JESUS;PP
2682;LEANDRO CALDEIRA NAVA;UNIÃO
2683;LEANDRO ALVES;PSC
2684;LEANDRO CÂNDIDO SOARES;PT
2685;LECI BRANDÃO DA SILVA;PC do B
2686;CARLOS ALEXANDRE VIANNA SOARES;PODE
2687;ELIETE DE MIRANDA MACHADO;AVANTE
2688;LEIDE MENGATTI;PSB
2689;LEILA BEDANI FERREIRA;PSDB
2690;MARIA HELENA DE CARVALHO;PSOL
2691;WANDERLENE IEDA BACARO DE BRITO;PL
2692;ALAELSON ALVES DA SILVA;PTB
2693;MANOEL JOSÉ DA SILVA;PDT
2694;LENILSON ALVES DE LIMA;PSC
2695;LEONARDO LORO MARTINS PINTO;PDT
2696;OCIMAR DONIZETI LEO OLIVEIRA;MDB
2697;LEONARDO FRANCISCO SAMPAIO DE SOUZA FILHO;MDB
2698;LEONARDO DE SIQUEIRA LIMA;NOVO
2699;ANDERSON LEONARDI POLTRONIERI GONÇALVES;DC
2700;LEONE LUIZ DE FARIA JUNIOR;NOVO
2701;LEONICE ALVES DA PAZ;REPUBLICANOS
2702;LEONORA DA SILVA PÉRICO;PDT
2703;LETICIA AGUIAR RESENDE ALVES;PP
2704;LETICIA CRISTINA DA SILVA;UNIÃO
2705;LEWIS SAWINSKI DE ALMEIDA;PODE
2706;LUIS HENRIQUE ARAUJO;PODE
2707;LIGIA MENDES DA SILVA;UP
2708;ELISANGELA RODRIGUES DE SOUSA;PDT
2709;LILIANE HELENA BARBOSA CHIARELLI;REPUBLICANOS
2710;LILIANE MARIA DA SILVA PAES;PTB
2711;LILIAN DA COSTA FARIAS;PROS
2712;LILIAN APARECIDA DE PAULA;MDB
2713;LILIAN CRISTINA DOS SANTOS FARIA;REDE
2714;MARCELINO SILVA;PTB
2715;ADELINO CASTELLEIRO FILHO;PMB
2716;LISETE GOMES DAS NEVES;PSB
2717;LIVIA MARIA RODRIGUES FIDELIX DA CRUZ;PRTB
2718;LEDIVAN LOPES SEABRA;PRTB
2719;LOURIVAL RODRIGUES DA SILVA;DC
2720;LOURIVAL TORRES;PMN
2721;LUZIMAR BARBOSA DA SILVA;CIDADANIA
2722;LUANA SILVA QUEIROZ;PRTB
2723;LUCAS ANTUNES;PTB
2724;LUCAS DIEZ BOVE;PL
2725;LUCAS DE OLIVEIRA CARDOSO;PSB
2726;LUCAS MARCOLINO CORTEZ DOS SANTOS;PROS
2727;LUCAS DE ASSIS COSTA;PP
2728;LUCAS MARIANO DE CAMPOS;PRTB
2729;LUCAS PAVANATO DE OLIVEIRA;NOVO
2730;LUCAS ROMERO DA SILVA;NOVO
2731;LUCAS PAVAN ZANATTA;PL
2732;LUCCAS SANTOS DA CUNHA;PMN
2733;LUCIA DE FATIMA SILVA ROSIM;PSC
2734;LUCIANA APARECIDA DE PAULA CARVALHO;PMB
2735;LUCIANA CRISTINA MENDES SANTOS;CIDADANIA
2736;LUCIANA VEIGA DE PAULA;AVANTE
2737;LUCIANO MARTINS CRUZ;AGIR
2738;LUCIANO RODRIGUES DE AQUINO;PSD
2739;ANTONIO LUCIANO DO ROSARIO BARBOSA;PROS
2740;LUCIANO BATISTA;SOLIDARIEDADE
2741;EDISON LUCIANO KLIMAN BENEDITO;PTB
2742;LUCIANO COSTA OLIVAN;AVANTE
2743;LUCIENE PEREIRA FRANCO;MDB
2744;LUCIMARA JANDOZZA CAVALCANTE;MDB
2745;LUCIAUREA CORREIA DOS SANTOS;PP
2746;LUCIVÂNIA PINHEIRO BARBOSA;PP
2747;LUIS JACINTO BARRETO;PMB
2748;LUIS CARLOS MESSIAS;PROS
2749;LUIS CARLOS FABIANI;PMB
2750;LUIS FELIPE SILVEIRA AMANCIO TORELLA D'AVILA;MDB
2751;LUIS GUILHERME PIRES;NOVO
2752;LUIS FERNANDO ALVES DE LIMA SANTOS;PSB
2753;LUIS ALEXANDRE PINHEIRO;PMB
2754;LUIS ANTONIO DE SOUZA;PODE
2755;LUIS CARLOS DE SOUZA;PDT
2756;LUIZ CARLOS DO ESPÍRITO SANTO;PATRIOTA
2757;LUIZ CARLOS DA COSTA VALLE;PL
2758;LUIZ HENRIQUE CIRILO;PSDB
2759;LUIZ CLAUDIO MARCOLINO;PT
2760;LUIZ FERNANDO TEIXEIRA FERREIRA;PT
2761;JOSÉ LUIZ ALVES NETO;PMN
2762;LUIZ CARLOS SILVA LEMOS;PSB
2763;LUIZ JOSÉ TEGAMI;PSB
2764;LUISA DA SILVA FERNANDES;PV
2765;LUIZ OTAVIO DA SILVA;UNIÃO
2766;LUIZ CARLOS DE MORAES;SOLIDARIEDADE
2767;LUCAS DE OLIVEIRA;SOLIDARIEDADE
2768;LUZIA MARIA VIDICA CÂNDIDO;AVANTE
2769;LYGIA APARECIDA FAZIO DE OLIVEIRA;PP
2770;MARCIO DE ANDRADE LYRA;AVANTE
2771;MACIEL DOS SANTOS ROCHA;PSDB
2772;WILLAMS FERNANDES DA SILVA;AVANTE
2773;MADALENA BARBOSA DE SIQUEIRA;PRTB
2774;LUCINEIDE CRUZ ALVES;PDT
2775;MIRELLE CRISTINA DE SOUZA BUENO;PDT
2776;ROSANE REZENDE LEANDRO;PATRIOTA
2777;DANTE HENRIQUE MANTOVANI;PMB
2778;MAGALI RABELLO ROCHA;PDT
2779;LUIZ CARLOS MAGESTO;SOLIDARIEDADE
2780;MAGNO ALVES DE OLIVEIRA;AGIR
2781;MAÍRA MACHADO RODRIGUES;PSTU
2782;MARIA JOSÉ GARCIA RAMOS;PRTB
2783;EDSON ROBERTO ALOISIO;PRTB
2784;EDSON RODRIGUES CARDOSO;PP
2785;MARCUS LEVY ANDRADE ACOSTA;UNIÃO
2786;DIMAS MECCA SAMPAIO;PL
2787;ADEMAR FRANCISCO MARTINS NETO;REPUBLICANOS
2788;CARLOS RICARDO CEOLONI;PTB
2789;TIRSO DOS SANTOS JUNIOR;AVANTE
2790;MARIA DE LOURDES DO NASCIMENTO NUNES;SOLIDARIEDADE
2791;MARCELO MAMBRINI;PRTB
2792;CARLA DENISE BAPTISTA LEOPOLDO;PDT
2793;ALAN FABRICIO DA SILVA;AVANTE
2794;AMANDA COELHO MARZALL;PSTU
2795;SILVIO DO CARMO CAMARGO;AGIR
2796;MANOEL DE SOUSA COELHO JUNIOR;PMN
2797;MANOEL LOPES FERREIRA JUNIOR;PTB
2798;JUSSIMARA NUNES DE JESUS;AVANTE
2799;MARCOS APARECIDO BARROS DE LIMA;PSC
2800;MARCELA REGINA RODRIGUES DA CUNHA;PL
2801;MARCELO THEODORO DE AGUIAR;PSC
2802;MARCELO FORTES BARBIERI;MDB
2803;MARCELO MENDES BINI;PRTB
2804;MARCELO DE MELLO CASSUCCI;PDT
2805;MARCELO COSTA DEL BOSCO AMARAL;MDB
2806;MARCELO HERCOLIN;UNIÃO
2807;MARCELO FERREIRA KAWATOKO;PSB
2808;MARCELO PASQUALINO;PCO
2809;MARCELO PEREIRA;DC
2810;MARCELO AFONSO PIMENTA;PDT
2811;MARCELO REINA SILIANO;PSOL
2812;MARCELO CRISTIANO REIS;PTB
2813;MARCELO RIBEIRO DA SILVA;PT
2814;MARCELO DOS SANTOS ROLDAN;PSOL
2815;MARCELO OLIVEIRA ROSADO;PTB
2816;MARCELO SQUASSONI;REPUBLICANOS
2817;MÁRCIA LOPES DE ARAUJO;PMN
2818;MÁRCIA DE FÁTIMA MORAIS;PATRIOTA
2819;MARCIA LENTZ;UNIÃO
2820;MARCIA APARECIDA OVEJANEDA LIA;PT
2821;MÁRCIA APARECIDA MENDES;PMN
2822;MARCIA WALERIA NUNES DE OLIVEIRA DIAS;PMB
2823;MARCIA REGINA QUINTANILHA;PC do B
2824;MARCIA RAICHER;PRTB
2825;MARCIA VALÉRIA JACINTHO AZEVEDO;PATRIOTA
2826;MARCIA CRISTINA DOS SANTOS VENTURINI;PROS
2827;MÁRCIA CRISTINA DA SILVA;PATRIOTA
2828;MARCIO ANTONI SANTANA;NOVO
2829;MARCIO AURELIO SOARES;PDT
2830;MARCIO ALEXANDRE BARRETO;PDT
2831;JOSE MARCIO DE CAMPOS;PTB
2832;MARCIO PASCHOAL GIUDICIO;PODE
2833;MARCIO DE PAULA PINHEIRO;PATRIOTA
2834;MÁRCIO MASSAMI NAKASHIMA;PDT
2835;MARCIO DE ALMEIDA PINO;PDT
2836;MARCIO ROBERTO OLIVEIRA;PCO
2837;MÁRCIO ROGÉRIO DIAS;AVANTE
2838;MÁRCIO APARECIDO MARTINS;PP
2839;MARCO AURÉLIO GOMES DOS SANTOS;PSDB
2840;MARCO ANTONIO ZANONI BUENO;REPUBLICANOS
2841;MARCO ANTONIO DE PAULA;SOLIDARIEDADE
2842;MARCOS CORDEIRO DE SOUSA CHAVES;PATRIOTA
2843;MARCOS ROBERTO DAMASIO DA SILVA;PL
2844;MARCOS ESCAMES FÉLIX DA SILVA;PODE
2845;MARCOS FERNANDO PORTELLA FONTES;UNIÃO
2846;MARCOS PAULO TAVARES FURLAN;PODE
2847;MARCOS ANTONIO HOMSI GARCIA;NOVO
2848;MARCOS KOHLMANN BARBOZA;PMN
2849;MARCOS ANTONIO GONÇALVES DA SILVA;MDB
2850;MARCOS VINICIUS MOUTA MENDONÇA;AGIR
2851;MARCOS TIAGO DOS SANTOS NUNES;AVANTE
2852;MARCOS DE MATOS PALÁCIO;PROS
2853;MARCOS JOSÉ DO VALLE;PMB
2854;MARCOS RIBEIRO DA SILVA;PMB
2855;MARCOS ANTONIO ZERBINI;PSDB
2856;MARI CRISTINA BIZARI;UNIÃO
2857;MARIA ALICE TANIGUSHI;PTB
2858;MARIA ANGELA ABDUCH;PCO
2859;MARIA CONSTANTINO EMIDIO;PSD
2860;MARIA FERREIRA LIMA;AGIR
2861;MARIA DE LOURDES SANTOS SILVA;PP
2862;MARIA DO CARMO GUILHERME;MDB
2863;MARIA APARECIDA DE OLIVEIRA;AGIR
2864;MARIA EUGENIA UGUCIONE BIFFI;PDT
2865;MARIA HELENA PASINI PEDROSO PETERNELLI;UNIÃO
2866;MARIA LUCIA CARDOSO PINTO AMARY;PSDB
2867;MARIA LUCINDA RESENDE;PMN
2868;MARIA DE JESUS LOPES MARTINS SILVA;PTB
2869;MARIANA CONTI TAKAHASHI;PSOL
2870;MARIANA FELIX SANTOS;PSOL
2871;MARIANA DUARTE GARCIA DE LACERDA;REDE
2872;MARIANA NUNES DE MOURA SOUZA;PC do B
2873;MARÍLIA CAPUTI DE BRITO;PP
2874;MARILUCI FELICIANO DE OLIVEIRA GUEDES;PROS
2875;MARINA MOREIRA;REDE
2876;MARINA MEDEIROS HELOU;REDE
2877;MARIO LACERDA SOUZA;CIDADANIA
2878;MÁRIO MEDEIROS NETO;PSB
2879;MARISA DOS SANTOS MENDES;PSTU
2880;MARISSOL APARECIDA DA SILVA BARROS;SOLIDARIEDADE
2881;MARISTELA TRINDADE;PATRIOTA
2882;MARIZETE GOMES DE MAGALHÃES BERGAMIN;PODE
2883;MARJORIE HOSANA CAMARGO MONTEIRO;PROS
2884;MARCOS ANTÔNIO DE SOUZA;PSDB
2885;MARCOS ANTONIO SERAFIM BERNARDES JUNIOR;PODE
2886;MARLY GOMES CALDAS;PT
2887;EDSON MARCOS DE CARVALHO;AGIR
2888;MARCOS RIBEIRO DA COSTA;MDB
2889;MARTA MARIA FREIRE DA COSTA;PSD
2890;MARTIM VIEIRA FERREIRA;PMB
2891;MAURICIO MARTINEZ;PSB
2892;MARIA DE JESUS BUENO DA SILVA;PSOL
2893;RONALDO AUGUSTO BRETAS MARZAGÃO JUNIOR;PATRIOTA
2894;MATEUS JOSE DE CAMARGO STEFANI;NOVO
2895;MATHEUS LEMES MARTINS DE ASSIS;PSOL
2896;MATILDE FÁTIMA ALVES CANUTO;NOVO
2897;MAURA DA SILVA BUENO SANTOS;SOLIDARIEDADE
2898;MAURO FRANCISCO DE TOLEDO;AGIR
2899;MARIO MAURICI DE LIMA MORAIS;PT
2900;MAURICIO AGUIAR GIUNTINI;NOVO
2901;MAURICIO MENNA BARRETO GASPARINI;UNIÃO
2902;MAURICIO NOGUEIRA DIAS;REPUBLICANOS
2903;MAURÍCIO SOUZA DOS REIS;PATRIOTA
2904;MAURO BRAGATO;PSDB
2905;MAURO MARQUES DAS NEVES;PODE
2906;MAURO DA SILVA OLIVEIRA;PSD
2907;MAURO AUGUSTO DE SOUZA;PCO
2908;MAYA DA SILVA BASTOS;PCO
2909;MAYARA OLIVEIRA TORRES DA SILVA;PSB
2910;CLAUDIO ERNANI MARCONDES DE MIRANDA;REPUBLICANOS
2911;CHUKWUEMEKA UJOR;PSD
2912;GLACIMERE BRITTO DE OLIVEIRA PIMENTA;SOLIDARIEDADE
2913;ADEMILSON RAMOS DA SILVA;PRTB
2914;RODRIGO DA SILVA BANDINI;PSOL
2915;THIAGO FELIPE NEVES;PRTB
2916;MICHAEL RICHARD DE JESUS PEDRO;PMN
2917;MICHAEL WILLI DA SILVA STREIDL;PRTB
2918;MICHEL CAETANO DE ALBUQUERQUE;PROS
2919;MICHEL RIBEIRO PAES LANDIM;DC
2920;MICHEL LEITE VIANA;PCB
2921;MICHELE NOVAES CANDIDO;AVANTE
2922;MICHELLE SCOASSADO;SOLIDARIEDADE
2923;YOSHIKO TORIGOE;DC
2924;ROSILENE DOS SANTOS;PMN
2925;MILTON BEZERRA FEITOZA;PSC
2926;MILTON LEITE DA SILVA FILHO;UNIÃO
2927;MILTON NERY NETO;PSB
2928;MIRIAM MANETTA ALGARRA;PT
2929;MIRIAM MARIA ANTUNES DE SOUZA;NOVO
2930;MIRIAN DA SILVA VIEIRA;PRTB
2931;ALMIRO RODRIGUES RIBEIRO;PRTB
2932;MIRTES GONÇALVES QUEIROZ;PSD
2933;MISAEL ARAUJO RODRIGUES DA SILVA;UNIÃO
2934;ANITA DOS SANTOS TAKAIYASU;PL
2935;MAGNA DA SILVA;PRTB
2936;ROSANE LUCIA DE ARAUJO;PRTB
2937;VALQUIRIA JUSTINO;PMB
2938;DONIZETE ALVES BARBOSA;PL
2939;MARIA JOSE DA SILVA;PSC
2940;ANDERSON FREITAS BARBOSA PASSOS;PSB
2941;NELSON DE ALMEIDA CHAVES;PMN
2942;ALMIR ROGERIO DA SILVA;PT
2943;MOACIR COVA;PSC
2944;MOÉSIO ALVES CORREIA;AGIR
2945;MOISES GOMES DO NASCIMENTO;PTB
2946;FABIO BLANES;AVANTE
2947;MONICA RAMIRES FERRAZ CURY;NOVO
2948;MÔNICA CRISTINA SEIXAS BONFIM;PSOL
2949;MÔNICA PRADO;PTB
2950;ANTONIO CARLOS DE MORAES;REDE
2951;MORGANA SIQUEIRA;AVANTE
2952;RENAN FONSECA DA SILVA;PDT
2953;MURILO BERBERT AVIGO FELIX;PODE
2954;MYRIAN RAVANELLI SCANDAR KARAM;UNIÃO
2955;NADIA AGUIAR SILVA LIMA;AVANTE
2956;NATALINO DE JESUS;PSB
2957;NATÁLIA BRAGA COSTA PIMENTA;PCO
2958;NATALINO ANTONIO DA SILVA;PSDB
2959;NAYLA DE SOUZA;PDT
2960;SIDINEI GIRON;PTB
2961;EDINEIA PRADO DA COSTA;PDT
2962;NEIMAR DE ALMEIDA ORTIZ;PSD
2963;NEIVA ANTONIA MARTINS MARQUES;PROS
2964;NELMA APARECIDA ANDRADE SOUZA;UNIÃO
2965;NELSON BOTELHO DA SILVA;PSTU
2966;NELSON CLARO PAULINO;AGIR
2967;NELSON ROBERTO GRITTI;PTB
2968;NELSON MERRWELVELSON FERREIRA E SOUZA;AVANTE
2969;ANGELO ROBERTO RÉSTIO;PP
2970;RAIMUNDA GONÇALVES DOS SANTOS;PMN
2971;GREGÓRIO MATIAS DE FREITAS;PODE
2972;NEON DOS AFONSO CUNHA;PSOL
2973;NERINALVA SANTOS SANTANA;AGIR
2974;NESTOR FERREIRA DOS SANTOS;PROS
2975;JOSÉ PEREIRA NETO;PMB
2976;JOSE MENDES DE SOUZA NETO BOTA;PP
2977;NEUDES RIBEIRO DE CARVALHO;PDT
2978;NEILTON LISBOA DOS SANTOS;PROS
2979;VANDERLEY CAVALCANTE DA SILVA;SOLIDARIEDADE
2980;NEZINHO GONÇALVES NUNES;SOLIDARIEDADE
2981;NEZIO ANTONIO MONTEIRO FILHO;PROS
2982;NIQUEIAS FERREIRA BORGES;MDB
2983;DONILZETE JOSÉ SOARES;UNIÃO
2984;JOSÉ IVANILDO MARINHO PINHEIRO;PROS
2985;NILDO SILVESTRE DA SILVA;PSB
2986;JOSENILDO JOSE DE OLIVEIRA;AVANTE
2987;NILSON DE OLIVEIRA VALIM;AVANTE
2988;NILSON PEREIRA DE ABREU;AGIR
2989;NILSON PEREIRA DUARTE;PSC
2990;MARIA APARECIDA ROQUE DE OLIVEIRA;REPUBLICANOS
2991;NOELMA DE SOUZA RODRIGUES;PMB
2992;NOEMIA VIEIRA FONSECA;PTB
2993;NORALDINO PIMENTA FILHO;UNIÃO
2994;NORMANDO BARBOSA DE OLIVEIRA;PMB
2995;OCIMAR DOS REIS OLIVEIRA;UNIÃO
2996;ODAIR DE MOURA E SILVA;PATRIOTA
2997;ODETE BARBOSA DA SILVA;PSC
2998;ODETE FIORDA;NOVO
2999;ODILIA CRISTINA SANTOS DO NASCIMENTO;DC
3000;WALDECK RODRIGUES DE MORAES;AVANTE
3001;JOSÉ NELSON DA SILVA;PDT
3002;OLINDA CAETANO GARCIA;REDE
3003;JOSÉ BERNARDO ORTIZ MONTEIRO JÚNIOR;PSDB
3004;OSEIAS SANTOS DA SILVA;PSD
3005;OSEIAS VIEIRA DE SOUSA;AGIR
3006;OSMARIO SILVA;MDB
3007;OSNI RAMOS JUNIOR;AGIR
3008;JOSÉ OSÓRIO FILHO;PMN
3009;OSVALDO GOMES DE LIMA;PDT
3010;OSVALDO MARIANO DIOGO;PSTU
3011;OSWALDO LUIZ RODRIGUES DE OLIVEIRA;AVANTE
3012;ANDRE MARCOS DE ABREU;PSC
3013;JOSE RICARDO VENDEMIATE;AGIR
3014;VALDINEI CAMPELO FELIX;PTB
3015;ADRIANO NERES DE OLIVEIRA;PDT
3016;ANGELO SCAVASSINI NETO;PDT
3017;RAIMUNDO FERNANDES DE PAIVA;PSD
3018;ADILSON DOMINGOS CENSI;PODE
3019;PÂMELA ZÉLIA PAN TONIOLO;PROS
3020;PAMELA BARBOSA;PMN
3021;LUIS ANTONIO PANONE;PSD
3022;PAOLLA CATHERINE DOS SANTOS MIGUEL AGARD;PT
3023;RENATO DA SILVA GOIS;UNIÃO
3024;EDSON ROBERTO PARRON;PSDB
3025;PASCOAL DOS SANTOS LIMA;AVANTE
3026;PASCOAL LEAL DE PAULA;PRTB
3027;ALLAN DAVID FERREIRA DE LIMA;PSC
3028;ANDRE LUIS BUENO;PL
3029;ANISTALDO LUIZ LOPES DA SILVA;PSC
3030;ANTONIO CONSTANTINO OLIVEIRA;AVANTE
3031;JOSÉ ROBERTO DE MELLO;PSC
3032;CLAUDIO NAZARENO SOUZA DE QUEIROZ;PL
3033;CLAUDIO SEBASTIÃO AGUIAR;PATRIOTA
3034;JOSIAS JOSE DO NASCIMENTO;PSD
3035;ANTÔNIO MANOEL;PSC
3036;LUCAS MÁXIMO DE JESUS;UNIÃO
3037;LUCIANO APARECIDO MORENO;SOLIDARIEDADE
3038;LUIS FERNANDO DA SILVA;PTB
3039;LUIZ MARQUES;PMN
3040;MARCO ROBERTO DA SILVA;REPUBLICANOS
3041;MATIAS GERALDO MUNIZ;AVANTE
3042;DONIZETE NATAL PONTES;AVANTE
3043;LEIA DA SILVA FELISBERTO;AGIR
3044;MARIA NILZA FERREIRA ALVES;REPUBLICANOS
3045;MARIA DA CONCEIÇÃO FERNANDES GRANATO;PMB
3046;MARILZA JOANA GARCIA DE MELO;PL
3047;SIMONE APARECIDA NASCIMENTO DA CONCEIÇÃO;PTB
3048;PATRICIA ANDALAFT FREIRE;PATRIOTA
3049;PATRÍCIA MAGDA GIRO LOBO BELLI;PATRIOTA
3050;PATRÍCIA GAMA DE QUADROS BEZERRA;PSDB
3051;PATRICIA ROSSI CICOTOSTE;PP
3052;MARIA JULIANA PATRÍCIA DA COSTA;AVANTE
3053;PATRICIA MARIA DE MELO ZANOTTI MONTILHA;PTB
3054;PATRÍCIA MODESTO;PODE
3055;PATRICIA COUTO PICOLI FRANCISCO;PRTB
3056;PATRICIA APARECIDA ROSSI;PSD
3057;PATROCÍNIO RAMOS DA CRUZ NETO;PMN
3058;PATRYCIA FACIOLO DOS SANTOS;PDT
3059;ANA PAULA CALVO;MDB
3060;PAULA NUNES DOS SANTOS;PSOL
3061;PAULA MICHELLE DIAS;PRTB
3062;PAULA FONSECA ESTEVES;PSD
3063;PAULA MAYARA DARRÔ MARTINS ROCHA FILZEK;PDT
3064;PAULA CRISTINA LOURENÇO;AVANTE
3065;PAULA NATALEN FARIAS DE MORAES MULLER;AGIR
3066;PAULO ALEXANDRE DA SILVA;PMN
3067;PAULO MACHADO DA SILVA;SOLIDARIEDADE
3068;ROSA MARIA DA SILVA CLIMACO;PDT
3069;PAULO CEZAR XAVIER ALEXANDRE;PMN
3070;PAULO AURELIO BIANCHINI;SOLIDARIEDADE
3071;PAULO ROGÉRIO DA SILVA;PDT
3072;PAULO SÉRGIO SILVESTRE;AVANTE
3073;PAULO ROBERTO BUFALO;PSOL
3074;PAULO CAINE DOS SANTOS SILVA;PROS
3075;PAULO CALADO FARIAS;AVANTE
3076;PAULO CEZAR CONCEIÇÃO QUADROS;PSB
3077;PAULO ALVES CORRÊA JUNIOR;PSD
3078;PAULO ROBERTO DIAS PEREIRA;PRTB
3079;PAULO DE OLIVEIRA ENEAS;PMB
3080;PAULO ROBERTO FIORILO;PT
3081;PAULO HENRIQUE RIBEIRO FLORIANO;PDT
3082;PAULO SERGIO GALTERIO;PSC
3083;PAULO JOSE GONÇALVES;PROS
3084;PAULO KAZUO DE SOUZA IFUKU;AGIR
3085;PAULO HUGENNEYER KOGOS;PTB
3086;PAULO JORGE MANSUR NETO;PL
3087;PAULO SERGIO MOREIRA MELLO;PTB
3088;PAULO DONIZETI SAGIO;AGIR
3089;PAULO CESAR DA SILVA SANT'ANA;PTB
3090;PAULO ELIAS VICENTE;REPUBLICANOS
3091;PAULO ALEXANDRE ZEMUNER MASCARO;PDT
3092;PEDRO MARQUES FERREIRA ASSAD;PSC
3093;PEDRO ANTONIO BIGARDI;PC do B
3094;PEDRO ELES DA SILVA;PATRIOTA
3095;PEDRO MOTOITIRO KAWAI;PSDB
3096;PEDRO MARIN BELMONTE NETO;PODE
3097;PEDRO RODRIGUES DE MIRANDA NETO;REPUBLICANOS
3098;PEDRO TOMISHIGUE MORI;PSB
3099;PEDRO IGOR RIBEIRO RAMOS;PRTB
3100;PEDRO PAULO DE OLIVEIRA FILHO;AGIR
3101;LUIZ ANTONIO CIRINO;AVANTE
3102;APARECIDO JOVANIR PENA JUNIOR;PP
3103;PÉRICLES RÉGIS MENDONÇA DE LIMA;PODE
3104;PERMÍNIO MONTEIRO DA SILVA;PSB
3105;PETERSON RUAN AIELLO DO COUTO RAMOS;PSB
3106;PHILIPE DE PAULA DA SILVA;MDB
3107;CRISTIANE FERREIRA PASSOS LASTÓRIA;PSC
3108;PLAUTO JOSE RIBEIRO HOLTZ MORAES;MDB
3109;DERIONERIO OLIVEIRA DE ASSIS;AGIR
3110;POLIANA ALVES FERNANDES PINTO;PSB
3111;ALINE NOVAIS;PSD
3112;OSVALDO DA SILVA LOBEIRO MACHADO;PATRIOTA
3113;PAULO ROBERTO CASSIOLATO FILHO;PP
3114;DELMIRO MOURA DE OLIVEIRA;DC
3115;EDSON MUNIS;SOLIDARIEDADE
3116;CARLOS ALBERTO DA FONSECA;AVANTE
3117;EVERSON MARCOS DE OLIVEIRA;MDB
3118;EZEQUIEL DE ARAÚJO SILVA;PDT
3119;JOSÉ FÁBIO DOS SANTOS SILVA;DC
3120;JEAN ALEX DE ANDRADE DOS SANTOS;PSC
3121;JOENE HENRIQUES DE FIGUEIREDO;PMN
3122;SEBASTIÃO DE MESQUITA SILVA;PMN
3123;FRANCISCO ALVES DE SOUSA;PMB
3124;JOSÉ DE RIBAMAR DA SILVA PASSOS;PSOL
3125;RICARDO ROCHA DE OLIVEIRA;PATRIOTA
3126;ARLETE FERREIRA RIBEIRO;PV
3127;GENILZA MEDEIROS DE CASTRO;REPUBLICANOS
3128;JOSÉ NILSON PRAXEDES;AGIR
3129;ELISABETE NATALI ALVARENGA;PSC
3130;PRISCILA BRUNETTO DE ARAUJO;PSD
3131;PRISCILA GONÇALVES IEIRI PARRA;NOVO
3132;PRISCILLA BERNARDES AIRES PEDROSA;PSOL
3133;ADRIANA VASCONCELLOS VIEIRA DE OLIVEIRA LUIZ;MDB
3134;JOSÉ AMARO DA SILVA;AVANTE
3135;BUDGA DEROBY NHAMBIQUARA;REDE
3136;APARECIDA DA GRAÇA CARLOS;PT
3137;HELIO JOSÉ DOS SANTOS;PP
3138;JOBERT ALEXANDRINO;PODE
3139;MARCOS VINÍCIO BILANCIERI;REPUBLICANOS
3140;ROSÂNGELA HERNANDES AZEVEDO;PMN
3141;VICTOR MORAES FILHO;PODE
3142;WALTER PEREIRA FERREIRA;REPUBLICANOS
3143;AHMED TARIQUE TOMBOUCTOU AGIO;PTB
3144;ANGELA DONATIELLO LOPES;UNIÃO
3145;CHRISTIANE GRACE GUIMARÃES DA SILVA;PT
3146;FERNANDO MARTINS;NOVO
3147;RAFAEL TURRINI PURGATO;PDT
3148;SERGIO ANTONIO;PTB
3149;SÉTIMA MARIA VIEIRA DE ARAUJO;SOLIDARIEDADE
3150;ANTONIO BERALDO ALVES;PTB
3151;CARLOS ALBERTO VIDAL TONON JUNIOR;PTB
3152;MARIA JOSÉ DA SILVA BEZERRA;PSB
3153;ANA CLÁUDIA MESQUITA ROCHA;PMN
3154;CAMILA GODOI DA SILVA RODRIGUES;PSB
3155;JOCELY RAMOS DOS REIS MARCO;PSB
3156;JULIANA SOARES DO NASCIMENTO;PT
3157;LAÍS HELENA ANTONIO DOS SANTOS ALOISE;PSB
3158;MARIA SALETE MARINI;PSB
3159;SUZETE CHAFFIN;PSOL
3160;VALMARA CRISTINA DE PAULA CAMARGO;NOVO
3161;AGLIBERTO DO SOCORRO CHAGAS;UNIÃO
3162;AHMAD ABOU ADILE;DC
3163;ANTONIO TARCIDO MARQUES FERNANDES;PRTB
3164;AUGUSTO CÉSAR CORREA NETO;UNIÃO
3165;AIRTON DOS SANTOS;PSC
3166;GERALDO CARDOSO DE JESUS;PROS
3167;CASSIO EDUARDO FONSECA;PMB
3168;CÍCERO JUSTINO DA SILVA;PDT
3169;FABIO DA SILVA VIANA;PMB
3170;FERNANDO DE SOUZA;PSTU
3171;ARJUNA DE HUR FRAGA DE ASSUNÇÃO;PROS
3172;GILSON MOREIRA;PTB
3173;GILVAN DE ANDRADE GAIA;PMB
3174;HAMILTON ALVES FERNANDES;PROS
3175;JANDER CAVALCANTI DE LIRA;PSD
3176;JHONY ANTONIO BARBOZA;PDT
3177;JOEFERSON FACCIN JOSÉ DE ALMEIDA;PSOL
3178;JUVENIL BATISTA LOPES;PSOL
3179;JUSTINO DIOGO DOS SANTOS;PSOL
3180;LUCAS ANTONIO NIZUMA SIMABUKULO;PSTU
3181;LUIS RENATO PINTO DE OLIVEIRA;PMB
3182;MARCELO ALVES DE CARVALHO ALMEIDA;PSD
3183;MARCELO FUSCO;UNIÃO
3184;MARCELO LOPES;PRTB
3185;MARCELO GOUVEIA NASCIMENTO;SOLIDARIEDADE
3186;ROGERIO JACOMO MICHELETTI;PRTB
3187;WAINES MOREIRA ALVES;PSB
3188;OZÉIAS BATISTA DOS SANTOS;AVANTE
3189;RAFAEL CASTRO KOCIAN;REDE
3190;RICARDO MARCILIO MONTEIRO;CIDADANIA
3191;ROBERTO FRANCISCO DA SILVA;PMB
3192;ROBSON CRISTIANO DE SOUZA;AVANTE
3193;ROMULO ORNELAS DE OLIVEIRA;PT
3194;RONALDO RODRIGUES DOS SANTOS;PSOL
3195;ANTONIO BIAGIO VESPOLI;PSOL
3196;VANIL ALVES DOS SANTOS;PATRIOTA
3197;VITOR LUIS ARTIOLI KUNDRAT;NOVO
3198;WAGNER ALVES DE LIMA;AGIR
3199;WAGNER DE MELO ROMÃO;PT
3200;ANA CRISTINA DA SILVA COSTA;REPUBLICANOS
3201;ANETE DÁLIA SEABRA SAMPAIO DE SOUZA;PROS
3202;MARIA IZABEL AZEVEDO NORONHA;PT
3203;CELIA APARECIDA DA CRUZ OLIVEIRA MENEZES;MDB
3204;EDILZA DE SOUSA MATSUSHITA;PSDB
3205;ÉRIKA FERNANDA CÂNDIDO;PSOL
3206;EVELYN CRISTINA FERREIRA PAULA;PDT
3207;FERNANDA ALVES DA SILVA;UNIÃO
3208;JACI SABINA DE LIMA MATTOS;PSOL
3209;JAQUELINE MONTEIRO DE CARVALHO BARRETO;UNIÃO
3210;JÉSSICA MARQUES RIBEIRO;PSOL
3211;JOSELI ELVIRA CAVALHEIRO;PSB
3212;KARINA CARLA DA SILVA;AVANTE
3213;LIDIA FREITAS DO NASCIMENTO;PSC
3214;LILIAN RENATA GARCIA VIEIRA MEDEIROS;PTB
3215;LUCIMARA SILVEIRA MANHA;SOLIDARIEDADE
3216;MARIANA ROSSETO SANTOS;PT
3217;NELSA FLORINDA DE QUEIROZ METZLER;PSDB
3218;MARIA NILVA SEVERINO GONÇALVES;SOLIDARIEDADE
3219;SANDRA MARIA DOS SANTOS;PDT
3220;SILVANA MARQUES MONTEIRO;NOVO
3221;VALDINEIA MEIRA MOTA;SOLIDARIEDADE
3222;VALÉRIA APARECIDA COSTA TORRES;PSD
3223;VÂNIA CRISTINA DA SILVA;NOVO
3224;DOUGLAS VANDERLEI AUGUSTO;PSC
3225;JOSÉ RONALDO GOMES DA SILVA;PSB
3226;MARILDA DE SANTANA GIRON;PSC
3227;MARCUS VINICIUS DE ALMEIDA FERREIRA;MDB
3228;VICENTE PAULA RIBEIRO;PL
3229;RAFAEL COSTA AMADEU;PDT
3230;RAFAEL GUSTAVO BERNARDO;NOVO
3231;RAFAEL ZAMPRONIO DA SILVEIRA;PSB
3232;RAFAEL FERNANDO ZIMBALDI;CIDADANIA
3233;RAFAEL BERNARDO FERREIRA SANTOS;REDE
3234;RAFAEL ELIAS MACHADO PEREIRA ANTUNES;UNIÃO
3235;RAFAEL MORENO SOUZA SANTOS;PMB
3236;RAFAEL PINTER;NOVO
3237;RAFAEL SARAIVA GAIA;UNIÃO
3238;RAFAEL ANTONIO DA SILVA;PSD
3239;RAFAEL RIBEIRO ZUCCO;PL
3240;RAFAELA KOBAL FERNANDES DE CARVALHO;UNIÃO
3241;RALFI RAFAEL DA SILVA;REPUBLICANOS
3242;ANTONIO DE SOUSA RAMALHO;PSD
3243;RAMILSON DE FREITAS PEREIRA;PDT
3244;RAMON FERNANDES FAUSTINO;PSOL
3245;RANGEL RODRIGO DE FIGUEIREDO BONELLI;PRTB
3246;RAPHAEL GOZUEN CAMARGO;AVANTE
3247;RAQUEL DE PAULA;PSTU
3248;RAQUEL TOIAN DOS SANTOS;PMN
3249;RAQUEL FERNANDEZ VARELA;REDE
3250;RAUL BETIOL;PATRIOTA
3251;RAUL MARCELO DE SOUZA;PSOL
3252;RAUL VICENTINI;PSD
3253;RAIMUNDO LUSTOZA LUCAS;SOLIDARIEDADE
3254;ROBERTO CARLOS DE ALMEIDA;PTB
3255;RAI SAYLON DE PAULA RIBEIRO;PDT
3256;EDNALDO DOS SANTOS PASSOS;PL
3257;REGINA CELIA BENTO CATHARINO;UNIÃO
3258;REGINA CÉLIA GONÇALVES DOS SANTOS;PSOL
3259;IOLANDA REGINA ALVES FRONTEROTTA;PTB
3260;REGINA DE MATOS COELHO NOGUEIRA;SOLIDARIEDADE
3261;ELIS REGINA NOGUEIRA RODRIGUES;PMB
3262;REGIS LEANDRO YASUMURA;PL
3263;JHONATAN WILLIAM OLIVEIRA DO NASCIMENTO;PDT
3264;REINALDO BRIGIDO DE SOUSA;UNIÃO
3265;PAULO BATISTA DOS REIS;PT
3266;REJAINE TEREZA DOS SANTOS MARCHESINI;REPUBLICANOS
3267;RENAN DIAS DA MATA;PSC
3268;RENATA TEODORO DA FONSECA;SOLIDARIEDADE
3269;RENATA ROSA DE SA BOAVENTURA;PRTB
3270;RENATA FALZONI;PSB
3271;RENATA GOUVEA;PATRIOTA
3272;RENATA APARECIDA MORAIS DE VASCONCELOS;AVANTE
3273;RENATO DE SOUZA BATTISTA;UNIÃO
3274;RENATO SABINO COLOMBANO;PSD
3275;RENATO MORENI AIRES DA SILVA;PT
3276;RENATO DE OLIVEIRA ZUCOLOTO;PP
3277;RENÉ VICENTE DOS SANTOS;PC do B
3278;PEDRO JOSÉ DE PAULA;PDT
3279;REINALDO MARTINS;AGIR
3280;RICARDO ALVAREZ;PSOL
3281;RICARDO BORGES DE OLIVEIRA;AGIR
3282;JOSÉ RICARDO DA SILVA;PMB
3283;RICARDO JOSÉ LEMES;PV
3284;RICARDO DE FARIA SILVA;PSB
3285;RICARDO LONGATTI FRANÇA;PODE
3286;RICARDO DE SOUZA GENOVEZ;SOLIDARIEDADE
3287;RICARDO PELISSARO LOQUETE;PROS
3288;RICARDO ROSSI MADALENA;PL
3289;RICARDO MOLINA DIAS;REPUBLICANOS
3290;CELSO RICARDO DE MOURA;PROS
3291;RICARDO AUGUSTO PEREIRA;PATRIOTA
3292;RICARDO DOS SANTOS SATURNO;PSC
3293;RICARDO AZEVEDO DA SILVA;PRTB
3294;HENRIQUE DE ALMEIDA BASANO;MDB
3295;MARIA RISOLETA ESTRELA DOS SANTOS;PTB
3296;RITA VALÉRIA ALVES;PSC
3297;RITA DE CASSIA RAMOS ORIGUELLA;AVANTE
3298;RIVANDA OLIVEIRA RIELI;PSB
3299;NIELTON CARVALHO DE MATOS;PMB
3300;ROBERIO DOS SANTOS BENEDITO;PMB
3301;ROBERTA MARIA GONÇALVES FRANCESCHI BOTION;PSD
3302;JOSÉ LUIZ BONITO;PMB
3303;ROBERTO TURCHI DE MORAIS;CIDADANIA
3304;ROBERTO LUIZ DO NASCIMENTO;PMN
3305;CARLOS ROBERTO BATISTA DOS SANTOS;PSC
3306;ROBSON ALEXANDRE DE OLIVEIRA;SOLIDARIEDADE
3307;REGIANE ROCHA;PL
3308;EDSON GOMES DA ROCHA;PSD
3309;RODRIGO CESAR REGORAO VERONEZI;UNIÃO
3310;RODRIGO ANTUNES DE LIMA;PCO
3311;RODRIGO ALMEIDA PASSOS;PSB
3312;RODRIGO CAPEL;CIDADANIA
3313;RODRIGO LUIS DE BARROS ALMEIDA;UNIÃO
3314;RODRIGO SALOMÃO JUNQUEIRA;PATRIOTA
3315;RODRIGO MOLLER;PMB
3316;RODRIGO AUGUSTO MORAES;PL
3317;RODRIGO BRUNO NAHAS;NOVO
3318;RODRIGO FERNANDO NOVELLI;REPUBLICANOS
3319;RODRIGO RODRIGUES PEDROSO;PTB
3320;RODRIGO ADRIANO DA SILVA;UNIÃO
3321;RODRIGO REY RODRIGUEZ;NOVO
3322;RODRIGO FIRMINO ROMÃO;PC do B
3323;JORGE RODRIGO VALVERDE SANTANA;PT
3324;ROGÉRIO MACIEL MONTEIRO JUNIOR;AVANTE
3325;ROGERIO GUEIROS DE ARAUJO;DC
3326;ROGÉRIO MARTINIUC DE OLIVEIRA;PMB
3327;ROGERIO NOGUEIRA LOPES CRUZ;PSDB
3328;JOSÉ ROGERIO SOARES DOS SANTOS;MDB
3329;ROLGACIANO FERNANDES ALMEIDA;UNIÃO
3330;ROMEU SÃO MARCOS ESCANHOELA;NOVO
3331;ROMILDO ANTONIO DA SILVA;PT
3332;ROMILDO DE PINHO CAMPELLO;PV
3333;ROMILDO VIRGÍNIO DOS SANTOS;PSD
3334;ROMULO CESAR FERNANDES;PT
3335;RONALDO FORMIGAO;UNIÃO
3336;RONALDO GALDINO DOS SANTOS;PMB
3337;RONALDO ELIAS MARIANO;PMB
3338;RONALDO SEGALA;PMN
3339;ROQUE BARBIERE;AVANTE
3340;ROSANA APARECIDA BRANQUINHO;MDB
3341;ROSANA DE ANDRADE MARQUES;PRTB
3342;FRANCISCA ROSANA MONTANHER;AVANTE
3343;ROSANGELA LOURENÇO BRITO SOUZA;PMN
3344;ROSANGELA SALVIANO POLIDO VAZ;PRTB
3345;ROSANGELA DA SILVA SCARPINELLI;UNIÃO
3346;ROSANGELA DA SILVA BATISTA;AVANTE
3347;MARIA DO ROSARIO ALMEIDA;PTB
3348;ROSEMEIRE RIBEIRO;CIDADANIA
3349;ROSELEI APARECIDO FRANÇOSO;MDB
3350;ROSIMEIRE SANTOS CESCHINI;AGIR
3351;ROSIRENE DE JESUS SANTOS;PSC
3352;ROSIVALDO DE JESUS SANTOS;PSOL
3353;JOSÉ CARLOS ROSSI;PSD
3354;ROSYMEIRE DE SOUZA LEITE RODRIGUES;PTB
3355;ROY NELSON PINTO;PL
3356;ROZANA FONSECA BARROSO DA SILVA;PC do B
3357;RUBIA MARA DA SILVA OLIVEIRA;MDB
3358;RUBENS CESTARI CAMPOS;PODE
3359;RUBENS DE SOUZA;SOLIDARIEDADE
3360;RUBI CRUSE;REPUBLICANOS
3361;RUBENS LOBATO PINHEIRO NETO;UNIÃO
3362;RUI ALVES SOUZA JUNIOR;REPUBLICANOS
3363;RUI ALVES BRUM JUNIOR;PATRIOTA
3364;RUTE COSTA SOBRINHA;REPUBLICANOS
3365;CARLOS ALBERTO DE ZAGOTTIS SAAD;PROS
3366;SABRINA PRADO DOS SANTOS;PODE
3367;MARCOS DE OLIVEIRA SAMPAIO;PMN
3368;SAMUEL DO CARMO;AGIR
3369;SAMUEL EUZÉBIO DE OLIVEIRA;PC do B
3370;SAMUEL DE JESUS SANTOS PEREIRA;MDB
3371;SAMUEL DOS SANTOS;PATRIOTA
3372;SAMUEL PORFIRIO FRANCA;PRTB
3373;MARDQUEU SILVIO FRANCA FILHO;PRTB
3374;SANDRA DAMASCENO NUNES DE MIRANDA;AVANTE
3375;SANDRA DELMIRO DE LIMA GABRIEL;PATRIOTA
3376;SANDRA DE AMORIM BARBOSA DE OLIVEIRA;PODE
3377;SANDRA HELENA CANDIDO DOS SANTOS;PDT
3378;SANDRA NAVAJAS;PDT
3379;SANDRA PEDROSA GARCIA DOS SANTOS;PSC
3380;SANDRA SOARES;PRTB
3381;CARLOS ALESSANDRO FRANCO BORRO DE MATOS;PSDB
3382;ALESSANDRO CAMARGO RODRIGUES;AGIR
3383;SANTA DA PAIXÃO GOMES DA SILVA;PMB
3384;ANTÔNIO SANTANA DA SILVA;PMN
3385;SARA MARGARETE DE SOUZA SILVA;REPUBLICANOS
3386;ANDRE CESAR COSTA;MDB
3387;ALEIXO ANDRE MANOEL NETO;PMB
3388;ANDERSON ROGERIO ALVES;PMB
3389;SÉRGIO DE MOURA CAVALCANTI;PSD
3390;FERNANDO DOS SANTOS CORREA;PMN
3391;LUCIANO GALESCO;PRTB
3392;LUIZ ANTONIO GATO;PP
3393;JULIO CESAR FRANCISCO;PRTB
3394;LUCIANO MARQUES DA SILVA;MDB
3395;EDUARDO FRANCISCO DE MELO;PTB
3396;ANDRE GEORGE NERES DE FARIAS;REPUBLICANOS
3397;RUBENS CLÁUDIO SIQUEIRA NERI;PATRIOTA
3398;RICARDO RIBEIRO PEDROSO;PL
3399;ROGERIO PEDROSO DE PADUA JUNIOR;REPUBLICANOS
3400;SANDRO APARECIDO BATISTA;PRTB
3401;SARITA DE SOUZA GREGORIO;PSDB
3402;MARCO ANTONIO SARTI;PMB
3403;SAULO FAUSTINO;AGIR
3404;SAULO DE OLIVEIRA SOUZA;PP
3405;SEBASTIÃO DOS SANTOS FILHO;REPUBLICANOS
3406;MARCOS DOS SANTOS SENA;AGIR
3407;PANAGIOTIS SERAFIM SPANOS;PTB
3408;SERGILVAN OLIVEIRA DE BRITO;AGIR
3409;SERGIO ROBERTO RIBEIRO DOS SANTOS;PSB
3410;SERGIO DE PAULA REIS FILHO;UNIÃO
3411;SÉRGIO CASSAGNI;DC
3412;SERGIO WAGNER LOCATELLI;AVANTE
3413;SÉRGIO MARTINS DA SILVA;AGIR
3414;SERGIO OLIVETTI JACOMINI;PSDB
3415;SERGIO RAMOS ROBERTO;AVANTE
3416;SERGIO CALDAS SANTANA;PL
3417;SERGIO LUIZ VICTOR JUNIOR;NOVO
3418;SÉRGIO ZAGARINO JUNIOR;NOVO
3419;SEVERINO DOS RAMOS LAURENTINO DOS SANTOS;AGIR
3420;MAGDA DOS SANTOS CABRAL;PTB
3421;SHIRLEI APARECIDA MOURA DA SILVA;PSB
3422;SHIRLEY VITORIA BERLINI CODREANSCHI;PRTB
3423;SHIRLEY PALADY CAMBUR;AGIR
3424;SIDELI DA SILVA LOPES;UNIÃO
3425;SIDNEY MELO DA SILVA;PMN
3426;SIDNEY NERY DA SILVA;REPUBLICANOS
3427;SEBASTIÃO RIBEIRO DA SILVA;PMN
3428;SILAS DA SILVA MOREIRA;PMB
3429;SILMARA APARECIDA DOS REIS CIPRIANO;REPUBLICANOS
3430;SILVANO SALES PEIXOTO;PSDB
3431;SILVIA BARNABE;NOVO
3432;SÍLVIA ELENA BITTENCOURT;PSB
3433;SILVIA MIRANDA NAGATA;PODE
3434;SILVIA ELIANA PALMA;PSD
3435;SILVIA DOS REIS;AVANTE
3436;SILVAN PEREIRA DE SOUZA;PODE
3437;SILVIO ALESSANDER ENCARNAÇÃO;REPUBLICANOS
3438;SILVIO BARBOSA LOPES FILHO;PSC
3439;JOSE SILVIO VALDISSERA;REPUBLICANOS
3440;SIMÃO PEDRO CHIOVETTI;PT
3441;SIMONE SILVA SANTOS DA COSTA;PMB
3442;SIMONE CRISTINA DE OLIVEIRA;DC
3443;SIMONE VANESSA SANTOS DIAZ;AGIR
3444;SIMONE MARQUES LOPES;AGIR
3445;SIRINEU DE ARAUJO SANTOS;PL
3446;SIVALDO DE JESUS;PDT
3447;SOCORRO MARIA DE JESUS FERREIRA;PP
3448;SOFIA BRAGA PALMA;PMB
3449;SOLANGE GUAPYASSU;PATRIOTA
3450;SOLANGE CRISTINA DE FREITAS;UNIÃO
3451;ADALGISA SOLANGE SPINA;NOVO
3452;SOLANGE MARIA TEODORO;PDT
3453;ALBA SOLANGE CHALITA DA SILVA;PSOL
3454;EVANDRO GONÇALVES PESSOA;PP
3455;LUIZ PAULO MADALHANO MAGALHÃES;PSC
3456;REINALDO PEREIRA ZACHARIAS;PMB
3457;JOSELITO ALVES DOS SANTOS;AGIR
3458;WERMESON PEREIRA DA SILVA;UNIÃO
3459;SÔNIA REGINA DA SILVA LEAL CESARIO;DC
3460;SÔNIA REGINA RODRIGUES MÓDENA;PSD
3461;SÔNIA MARIA FERRAZ DE MOURA;PATRIOTA
3462;SÔNIA DAS GRAÇAS RIBEIRO SILVEIRA;PATRIOTA
3463;SONIA DA SILVA LIMA;PSC
3464;SORAIA DOS SANTOS CARNEIRO D'EPIRO;UNIÃO
3465;JOSE DE SOUZA JUNIOR;PRTB
3466;STEFANIA DE ALMEIDA ROBUSTELLI;PCO
3467;MARCIO ANDRE DA SILVA;PRTB
3468;JULIANO DA SILVA MELO;PL
3469;SUELI GUETE AGUIAR;PMB
3470;SUENIRA TEIXEIRA PINTO;MDB
3471;VANILDA APARECIDA PEREIRA DA SILVA;PSD
3472;SUSANA DAS NEVES;PATRIOTA
3473;SUSIMEIRE RIBEIRO DOS SANTOS;PSB
3474;AUDEIDE CARDOSO;MDB
3475;TÁBATA FREITAS MANZOLI;PODE
3476;LUIS TADEO GIMENES;PSD
3477;TAILANDIA FERNANDES SOARES PAIXÃO;PATRIOTA
3478;TAIS CRISTINA LOURENÇO DE SOUZA;PMN
3479;TAIS ALEXANDRE ZUZA CUSTÓDIO;NOVO
3480;TALITA DE LIMA BARBOSA;PSB
3481;EDSON JOSÉ BOMBONATTI;REPUBLICANOS
3482;LUIZ FERNANDO BRASILIENSE;PMN
3483;TANIA DAS NEVES BELO;AVANTE
3484;TANIA CRISTINA FRUCHI;UNIÃO
3485;TARCISIO BRUNO GUIDI;AGIR
3486;TARSO LUIZ FURTADO GOUVEIA;MDB
3487;EDMILSON ALVES DA SILVA;PATRIOTA
3488;MANOEL CORREA DA FONSECA NETO;NOVO
3489;TELMA MARIA CARDIA;SOLIDARIEDADE
3490;TELMA SANDRA AUGUSTO DE SOUZA;PT
3491;JOSE FERNANDES DE LIRA JUNIOR;PL
3492;ADILSON RIBEIRO;PSC
3493;FLAVIO GONÇALVES DA COSTA;PL
3494;GIOVANNI BARBIERATTO;PL
3495;EDYMAR BUENO;PP
3496;MATHEUS COIMBRA MARTINS DE AGUIAR;PL
3497;JOSE CARLOS FERNANDES;PL
3498;JOSÉ CARLOS FURIOSO;PSC
3499;MANOEL BARBOSA DO NASCIMENTO;REPUBLICANOS
3500;ROGÉRIO DA SILVA SANTOS;PL
3501;PAULO ROBERTO TORRES GALINDO;PTB
3502;TERESINHA GERALDO LISBÔA;AVANTE
3503;TEREZINHA DE AQUINO;PSD
3504;TEREZINHA DE JESUS NOGUEIRA;REPUBLICANOS
3505;THAINARA KAROLINE FARIA;PT
3506;THAISE CARVALHO MIRANDA;PMB
3507;THAISE BEZERRA PACHECO SANTOS;PT
3508;THALITA DE ALMEIDA TAVARES;PSOL
3509;THAMIRES DE OLIVEIRA DAMATTO;AGIR
3510;MALBA TANIA RODRIGUES ABRANTES COELHO GOMES;PODE
3511;TATIANA DE FREITAS SIVIERO;PODE
3512;THIAGO REIS AURICCHIO;PL
3513;THIAGO ANTONIO BRIGANO;REPUBLICANOS
3514;THIAGO VERONICO DE FREITAS;UNIÃO
3515;THIAGO RODRIGO MARTINS;PV
3516;THIAGO RODRIGO ROCHITI;PSC
3517;THIAGO SANTOS ALVES DE SOUSA;PL
3518;THIAGO HENRIQUE MAIA SORATTO;PT
3519;THIAGO FERREIRA ZANI;SOLIDARIEDADE
3520;THÍFANY FELIX GUIMARÃES;REDE
3521;VANIA MAIA DOS REIS;AVANTE
3522;IZILDA DE LOURDES ALIPIO;PSC
3523;TIAGO MANOEL CAETANO;PMB
3524;TIAGO MANOEL CAETANO;PMB
3525;TIAGO DE OLIVEIRA SOUZA;PSC
3526;TIAGO MARTINS PERETTO;PL
3527;TIAGO ROCHA FERREIRA;NOVO
3528;SEBASTIÃO RAIMUNDO DE OLIVEIRA;PSC
3529;OSVALDY MARTINS;PROS
3530;JOÃO DA SILVA FILHO;UNIÃO
3531;BENEDITO EDELCIO DA SILVA;PMB
3532;ANDERSON RUGEL VAZ;PSC
3533;DONIZETE APARECIDO FERREIRA;AGIR
3534;BRUNO VIEIRA MAIA;PSOL
3535;CUSTODIA DE SOUZA RANGEL;PODE
3536;CLERISTON DOS SANTOS ARAÚJO;PSB
3537;TOME ABDUCH;REPUBLICANOS
3538;ANTONIO CARLOS BOLGIONI;PODE
3539;ANTONIO LAURO CAMPANHA;PSB
3540;ANTONIO GENARO PEREIRA DA SILVA;DC
3541;ANTONIO ALBERTO DOS REIS;SOLIDARIEDADE
3542;ANTOINE BALADY;REDE
3543;BENEDITO TORRES BARRETO;PP
3544;TRACE CAROLINE DIAS DAS CHAGAS;PSC
3545;ANTONIO CARLOS MUNHOZ;REDE
3546;TIAGO BAUAB BEDANI;PP
3547;ANTONIO FERNANDO PEREIRA;PDT
3548;UBIRATAN SILVEIRA GARCIA;PL
3549;URIÃ FANCELLI BAUMGARTNER;PODE
3550;SERGIO UZUM JUNIOR;AVANTE
3551;VAGNER FERNANDES DA SILVA;REPUBLICANOS
3552;VALDETE GUEDES DE OLIVEIRA;PL
3553;VALDECIR SOUZA DOS SANTOS;REPUBLICANOS
3554;CLEBER VALADÃO ANTUNES;PMB
3555;VALDIR DE ALVARENGA;SOLIDARIEDADE
3556;VALDOMIRO MARQUES;PSOL
3557;VALERIA DE CAMPOS BALBINO;PSC
3558;VALERIA CRISTINA RODRIGUES;PTB
3559;VALERIA MULLER RAMOS BOLSONARO;PL
3560;VALÉRIA CLAYTON REZENDE DE LIMA;PP
3561;VALMIR ROSA;CIDADANIA
3562;VALMIR FERREIRA VERAS;AGIR
3563;VALQUIRO MARTINS BOMFIM;SOLIDARIEDADE
3564;VALTER ALCÂNTARA ROSSI;PMB
3565;VANDERLEI BORGES DE CARVALHO;PSDB
3566;JOSE VANDERLEI MACHADO;PTB
3567;FRANCISCO UELITON DE OLIVEIRA SOUZA;PRTB
3568;VANESSA GALLONI CARRERA;REPUBLICANOS
3569;VÂNIA LUIZ AMANCIO;PRTB
3570;VÂNIA FERREIRA DE FRANÇA;PSC
3571;VANICE IZAURA CAMARGO COSTA DA SILVA;PODE
3572;EVANDRO ANTONIO RAMOS TERRA VARONIL DE SOUSA;PSC
3573;VASCO DA GAMA JUNIOR;REPUBLICANOS
3574;ARAFETH ALI HUSSEIN NASREDDINE;PATRIOTA
3575;RODRIGO OTÁVIO SANTOS VELLASCO;PP
3576;EVERILDA XAVIER MOREIRA;DC
3577;VERA LUCIA RODRIGUES DE FARIA;PT
3578;VERA LUCIA APARECIDA ALVES;AGIR
3579;VERA LUCIA MENDES DA SILVA;PSD
3580;VERA APARECIDA ORTEGA DOS SANTOS;PP
3581;VERA LUCIA SOVERAL DA SILVEIRA;PTB
3582;VERA LUCIA DE SOUZA BUENO URBAN;PSC
3583;VERÔNICA EVANGELISTA DOS SANTOS;PDT
3584;VERONICA COSMO AMERICO;PODE
3585;VERONICA CRISTINA ADRIANO;REPUBLICANOS
3586;VICENTE FERNANDES CASCIONE;PL
3587;AQUEVIRQUE ANTONIO NHOLLA;UNIÃO
3588;VICTOR GUATELLI CAVALCANTE;PROS
3589;VICTOR AUGUSTO LINS MENDES;REDE
3590;VICTOR HENRIQUE MARQUES;PDT
3591;JOSE CARLOS FERREIRA VILELA;PL
3592;JOSE VINICIUS CAMPOS AITH;PRTB
3593;VINICIUS ALMEIDA CAMARINHA;PSDB
3594;VINÍCIUS ROSA RODRIGUES;PSOL
3595;DONATO DOS SANTOS SILVA;AVANTE
3596;VIOLETA FILOMENA DACCACHE;PTB
3597;VITOR ALEXANDRE RODRIGUES;REPUBLICANOS
3598;LEANDRA SOARES DOS SANTOS;PMN
3599;VIVIANE DOS SANTOS SILVA CASAMASSA;UNIÃO
3600;VIVIAN FILETO MARTINS DOS SANTOS;PMB
3601;VIVIAN MAIRA DA SILVA MARCOS SOARES;REPUBLICANOS
3602;VIVIANE SOARES DE OLIVEIRA ALVES;UNIÃO
3603;VIVIANE DA SILVA FERNANDES DE LIMA;PROS
3604;VIVIANE ROBERTA MATIOLI;PL
3605;VLADIMIR CODINHOTO;PODE
3606;VLAMIR BERNARDES DA SILVA;REPUBLICANOS
3607;RENE VLADEMIR BLOTA JUNIOR;PSDB
3608;WAGNER DE AVILA RIBEIRO;PSC
3609;WAGNER BERNARDINO DA SILVA;REPUBLICANOS
3610;WAGNER DE BRITO TEIXEIRA;NOVO
3611;WAGNER CIPRIANO ARAUJO;PC do B
3612;WAGNER IRINEU DA SILVA;PROS
3613;WAGNER CARDOSO DE OLIVEIRA;PMN
3614;WAGNER SEQUIN;PSD
3615;WALDENIR CHAGA FILHO;PATRIOTA
3616;WALKER ISAAC DE SOUSA;PP
3617;WALMIR CHARLEAUX BLANCO ESTEVES;PROS
3618;WALNEY ARAUJO DA SILVEIRA;AVANTE
3619;WALTER CAVEANHA;AVANTE
3620;WALTER MARTINS JUNIOR;UNIÃO
3621;WALTER NOLA;PRTB
3622;WALTER RESENDE FILHO;PRTB
3623;WALTER SANDRO PEREIRA DA SILVA;PMB
3624;VANDERLEI NERES PEREIRA;PSB
3625;WASHINGTON JOSE DA CRUZ;PTB
3626;WELINGTON APARECIDO ALFREDO;PSC
3627;WELLISSON WESLEY CANDIDO PEIXOTO;PROS
3628;WELLINGTON WILLIAN DO NASCIMENTO SALES;PP
3629;WELLINGTON SANTOS DA SILVA DE JESUS;PROS
3630;WELLITON BEZERRA DA SILVA;PRTB
3631;WILLDSON MENDES STAHN;PV
3632;WILLIAM CLEMENTE CORREA;SOLIDARIEDADE
3633;WILLIAM DE SOUZA PALMA BOARRETTO;PMB
3634;WILLIAM SILVEIRA MEDEIROS;PMN
3635;WILLIAM APARECIDO DE SOUZA;PTB
3636;WILLIANS ROCHA MONTEIRO;AGIR
3637;WILSON ALVES DOS SANTOS;DC
3638;WILSON JOAQUIM DA SILVA;PP
3639;JOSÉ WILSON CARDOSO DE SOUZA;PT
3640;WILSON ALVES DA SILVA JUNIOR;AVANTE
3641;WILSON KELLER DE MATOS;PDT
3642;WILSON DE MELLO JUNIOR;NOVO
3643;WILSON DOS SANTOS JÚNIOR;AVANTE
3644;WINNITU DIEGO DA SILVA TOZADORE;PDT
3645;JURACILDE DE LIMA PINTO;PTB
3646;JOEL XAVIER DA SILVA;AGIR
3647;YGOR FROES CARVALHO;NOVO
3648;HUMBERTO YUDI WATANABE;UNIÃO
3649;JOSE BENTO DE JESUS;PATRIOTA
3650;JOSÉ CARLOS DE ALMEIDA;PODE
3651;JOSÉ CARLOS SILVA;PSOL
3652;JOSE GRACIANO;PRTB
3653;JOSÉ WALTER FIGUEIREDO SILVA;PODE
3654;ZELINDA DRAGO;PATRIOTA
3655;ZENIA PEREIRA DE ANDRADE SOUSA;AVANTE
3656;JOSÉ MENINO DE OLIVEIRA;REDE
3657;ZORAIDA MARIA LOBATO VIOTTI;MDB
3658;MARIA ADALZIRA RIBEIRO ORTIZ;PTB
